Season,High OBP Wins,High SLG Wins,High OBP BA,High OBP OBP,High OBP SLG,High OBP OPS,High OBP R,High SLG BA,High SLG OBP,High SLG SLG,High SLG OPS,High SLG R
1,85,77,0.309,0.395,0.402,0.797,971,0.287,0.348,0.521,0.869,954
2,86,76,0.307,0.394,0.395,0.789,947,0.278,0.346,0.51,0.856,945
3,81,81,0.323,0.413,0.417,0.83 ,1084,0.282,0.344,0.527,0.871,989
4,80,82,0.312,0.403,0.405,0.808,977,0.281,0.344,0.52,0.864,969
5,86,76,0.318,0.408,0.408,0.816,1013,0.289,0.352,0.532,0.884,1007
6,90,72,0.319,0.407,0.409,0.816,1035,0.285,0.348,0.507,0.855,925
7,86,76,0.307,0.394,0.397,0.791,972,0.283,0.345,0.505,0.85 ,930
8,89,73,0.316,0.408,0.407,0.815,1050,0.272,0.34,0.494,0.834,905
9,90,72,0.326,0.411,0.418,0.829,1103,0.274,0.341,0.496,0.837,938
10,83,79,0.317,0.404,0.414,0.818,1007,0.281,0.343,0.51,0.853,976
11,87,75,0.319,0.406,0.407,0.813,1012,0.28,0.344,0.52,0.864,970
12,86,76,0.324,0.412,0.416,0.828,1071,0.302,0.359,0.539,0.898,1007
13,88,74,0.32,0.408,0.409,0.817,1044,0.285,0.347,0.517,0.864,971
14,85,77,0.321,0.411,0.401,0.812,1026,0.267,0.336,0.495,0.831,897
15,74,88,0.326,0.413,0.421,0.834,1065,0.285,0.352,0.515,0.867,1005
16,88,74,0.324,0.414,0.415,0.829,1081,0.294,0.356,0.534,0.89 ,1039
17,81,81,0.312,0.404,0.399,0.803,1013,0.282,0.35,0.516,0.866,960
18,89,73,0.312,0.4,0.401,0.801,966,0.28,0.339,0.501,0.840,899
19,73,89,0.321,0.408,0.409,0.817,1033,0.295,0.358,0.535,0.893,1043
20,89,73,0.309,0.398,0.396,0.794,947,0.273,0.337,0.484,0.821,878
21,86,76,0.308,0.398,0.39,0.788,935,0.274,0.339,0.482,0.821,871
22,75,87,0.306,0.395,0.392,0.787,902,0.283,0.349,0.52,0.869,967
23,79,83,0.313,0.4,0.408,0.808,998,0.282,0.345,0.508,0.853,940
24,79,83,0.309,0.397,0.389,0.786,943,0.277,0.345,0.51,0.855,903
25,97,65,0.316,0.408,0.405,0.813,964,0.268,0.329,0.485,0.814,824
26,99,63,0.322,0.412,0.423,0.835,1072,0.281,0.344,0.511,0.855,961
27,84,78,0.314,0.406,0.413,0.819,1027,0.284,0.349,0.524,0.873,975
28,88,74,0.315,0.4,0.402,0.802,972,0.273,0.339,0.502,0.841,892
29,86,76,0.319,0.41,0.41,0.82 ,1033,0.269,0.332,0.487,0.819,869
30,89,73,0.321,0.405,0.409,0.814,1039,0.282,0.349,0.503,0.852,963
31,74,88,0.311,0.397,0.396,0.793,965,0.283,0.349,0.514,0.863,959
32,89,73,0.32,0.406,0.411,0.817,1053,0.28,0.343,0.506,0.849,936
33,100,62,0.32,0.408,0.411,0.819,1078,0.265,0.331,0.471,0.802,826
34,94,68,0.316,0.405,0.406,0.811,1048,0.286,0.346,0.52,0.866,968
35,86,76,0.312,0.401,0.404,0.805,994,0.276,0.343,0.501,0.844,923
36,90,72,0.318,0.407,0.407,0.814,984,0.276,0.339,0.499,0.838,911
37,89,73,0.314,0.404,0.402,0.806,958,0.278,0.342,0.504,0.846,917
38,85,77,0.315,0.402,0.407,0.808,967,0.268,0.331,0.474,0.804,846
39,88,74,0.308,0.399,0.402,0.801,976,0.277,0.34,0.502,0.842,922
40,78,84,0.311,0.403,0.401,0.804,1026,0.287,0.347,0.532,0.879,956
41,82,80,0.314,0.406,0.4,0.806,1019,0.285,0.347,0.516,0.863,941
42,90,72,0.323,0.412,0.417,0.829,1080,0.282,0.346,0.519,0.865,953
43,87,75,0.314,0.406,0.401,0.807,994,0.277,0.343,0.505,0.848,925
44,71,91,0.31,0.401,0.392,0.793,999,0.295,0.359,0.531,0.89 ,992
45,88,74,0.316,0.402,0.408,0.81 ,1021,0.27,0.329,0.494,0.823,861
46,95,67,0.314,0.405,0.407,0.812,1011,0.272,0.339,0.493,0.832,879
47,82,80,0.31,0.399,0.403,0.802,940,0.272,0.336,0.494,0.830,877
48,86,76,0.318,0.405,0.406,0.811,968,0.266,0.334,0.485,0.819,851
49,96,66,0.316,0.406,0.405,0.811,1047,0.281,0.344,0.516,0.86 ,935
50,97,65,0.325,0.413,0.425,0.838,1107,0.279,0.347,0.51,0.857,943
51,67,95,0.299,0.387,0.384,0.771,899,0.278,0.34,0.514,0.854,910
52,86,76,0.311,0.402,0.4,0.802,968,0.282,0.349,0.505,0.854,955
53,85,77,0.318,0.401,0.41,0.810,1008,0.281,0.342,0.528,0.870,971
54,90,72,0.327,0.42,0.422,0.842,1152,0.29,0.353,0.541,0.894,1030
55,93,69,0.314,0.405,0.399,0.804,1010,0.284,0.345,0.509,0.854,925
56,90,72,0.315,0.408,0.396,0.804,994,0.275,0.344,0.498,0.842,906
57,80,82,0.309,0.4,0.397,0.797,1020,0.279,0.342,0.521,0.863,972
58,79,83,0.31,0.396,0.4,0.796,954,0.282,0.346,0.508,0.854,946
59,86,76,0.318,0.408,0.411,0.819,1065,0.288,0.35,0.523,0.873,984
60,84,78,0.32,0.41,0.419,0.829,1067,0.279,0.341,0.519,0.860,941
61,85,77,0.311,0.4,0.401,0.801,984,0.275,0.338,0.502,0.840,904
62,85,77,0.314,0.4,0.407,0.806,949,0.273,0.334,0.503,0.837,925
63,84,78,0.318,0.41,0.415,0.825,1008,0.282,0.349,0.509,0.858,961
64,92,70,0.324,0.414,0.411,0.825,1058,0.282,0.344,0.523,0.867,955
65,82,80,0.312,0.398,0.403,0.801,966,0.276,0.343,0.499,0.842,906
66,81,81,0.32,0.41,0.41,0.82 ,1044,0.287,0.348,0.528,0.876,989
67,88,74,0.308,0.397,0.4,0.797,943,0.277,0.344,0.502,0.846,906
68,87,75,0.321,0.41,0.413,0.823,1050,0.282,0.348,0.526,0.874,970
69,89,73,0.314,0.405,0.392,0.797,1001,0.277,0.343,0.509,0.852,911
70,85,77,0.308,0.398,0.397,0.795,963,0.276,0.336,0.5,0.836,899
71,75,87,0.318,0.402,0.404,0.806,983,0.283,0.354,0.513,0.867,1009
72,91,71,0.326,0.415,0.412,0.827,1097,0.277,0.344,0.511,0.855,1007
73,89,73,0.321,0.412,0.404,0.816,1021,0.277,0.339,0.494,0.833,905
74,95,67,0.327,0.415,0.417,0.832,1087,0.281,0.349,0.504,0.853,926
75,92,70,0.316,0.403,0.406,0.809,1003,0.268,0.336,0.481,0.817,865
76,74,88,0.301,0.393,0.39,0.783,931,0.283,0.344,0.51,0.854,967
77,90,72,0.322,0.409,0.414,0.823,1014,0.276,0.342,0.504,0.846,939
78,91,71,0.319,0.411,0.409,0.82 ,1021,0.278,0.34,0.503,0.843,903
79,82,80,0.317,0.408,0.401,0.808,967,0.281,0.344,0.511,0.855,940
80,91,71,0.309,0.399,0.396,0.795,984,0.266,0.332,0.492,0.824,854
81,86,76,0.315,0.404,0.416,0.820,1030,0.281,0.343,0.519,0.862,977
82,84,78,0.311,0.4,0.396,0.796,994,0.28,0.346,0.509,0.855,933
83,92,70,0.322,0.411,0.415,0.826,1036,0.277,0.341,0.5,0.841,891
84,90,72,0.308,0.405,0.389,0.794,985,0.273,0.335,0.495,0.830,892
85,93,69,0.325,0.411,0.421,0.832,1086,0.283,0.351,0.521,0.872,1017
86,78,84,0.322,0.412,0.423,0.835,1087,0.29,0.355,0.533,0.888,997
87,87,75,0.318,0.408,0.411,0.819,1023,0.278,0.341,0.492,0.833,902
88,87,75,0.318,0.408,0.413,0.821,1066,0.27,0.34,0.486,0.826,885
89,85,77,0.318,0.403,0.409,0.812,963,0.28,0.342,0.5,0.842,950
90,86,76,0.313,0.406,0.408,0.814,1054,0.286,0.35,0.515,0.865,967
91,92,70,0.327,0.42,0.418,0.838,1125,0.278,0.344,0.51,0.854,1011
92,89,73,0.315,0.402,0.409,0.810,1029,0.284,0.347,0.509,0.856,959
93,87,75,0.309,0.395,0.403,0.798,975,0.281,0.347,0.499,0.846,913
94,81,81,0.314,0.399,0.401,0.8 O,996,0.281,0.347,0.514,0.861,980
95,93,69,0.315,0.406,0.407,0.813,1053,0.278,0.344,0.505,0.849,928
96,85,77,0.317,0.407,0.408,0.815,1035,0.281,0.344,0.526,0.87 ,977
97,87,75,0.315,0.403,0.417,0.820,995,0.282,0.345,0.513,0.858,945
98,81,81,0.316,0.406,0.403,0.809,1011,0.29,0.356,0.526,0.882,999
99,86,76,0.316,0.407,0.417,0.824,1011,0.275,0.343,0.501,0.844,907
100,98,64,0.319,0.412,0.412,0.824,1050,0.276,0.342,0.499,0.841,937
101,85,77,0.316,0.4,0.412,0.812,1010,0.284,0.347,0.518,0.865,981
102,83,79,0.315,0.405,0.409,0.814,1013,0.282,0.342,0.512,0.854,929
103,76,86,0.315,0.403,0.406,0.809,986,0.287,0.351,0.528,0.879,1003
104,83,79,0.315,0.4,0.398,0.798,909,0.282,0.347,0.512,0.859,949
105,89,73,0.32,0.411,0.412,0.823,994,0.278,0.34,0.522,0.862,928
106,97,65,0.316,0.406,0.42,0.826,1048,0.276,0.342,0.523,0.865,940
107,87,75,0.321,0.407,0.413,0.82 ,1039,0.276,0.342,0.51,0.852,920
108,82,80,0.315,0.403,0.403,0.806,1044,0.283,0.343,0.517,0.860,951
109,80,82,0.308,0.398,0.399,0.797,942,0.285,0.347,0.538,0.885,1021
110,97,65,0.316,0.408,0.4,0.808,1035,0.274,0.335,0.494,0.829,870
111,86,76,0.312,0.403,0.393,0.796,975,0.273,0.337,0.504,0.841,925
112,97,65,0.312,0.403,0.401,0.804,1000,0.274,0.339,0.492,0.831,869
113,90,72,0.316,0.406,0.399,0.805,982,0.275,0.34,0.491,0.831,885
114,83,79,0.311,0.395,0.403,0.798,967,0.279,0.342,0.511,0.853,907
115,77,85,0.311,0.4,0.406,0.806,1012,0.281,0.344,0.516,0.86 ,985
116,84,78,0.316,0.405,0.406,0.811,1032,0.275,0.335,0.505,0.840,912
117,82,80,0.316,0.407,0.407,0.814,1046,0.284,0.348,0.527,0.875,999
118,82,80,0.304,0.394,0.397,0.791,941,0.277,0.342,0.501,0.843,943
119,81,81,0.31,0.399,0.399,0.798,950,0.275,0.339,0.506,0.845,947
120,86,76,0.312,0.4,0.4,0.8 O,974,0.277,0.345,0.51,0.855,944
121,94,68,0.321,0.41,0.415,0.825,1071,0.279,0.341,0.504,0.845,925
122,88,74,0.313,0.405,0.407,0.812,992,0.273,0.336,0.503,0.839,912
123,86,76,0.31,0.399,0.4,0.799,992,0.28,0.345,0.512,0.857,942
124,91,71,0.324,0.413,0.415,0.828,1034,0.272,0.341,0.502,0.843,927
125,86,76,0.316,0.406,0.403,0.809,1026,0.284,0.347,0.525,0.872,973
126,81,81,0.307,0.394,0.389,0.783,952,0.281,0.344,0.5,0.844,936
127,90,72,0.305,0.394,0.403,0.797,978,0.279,0.345,0.487,0.832,900
128,88,74,0.302,0.393,0.382,0.775,881,0.263,0.328,0.47,0.798,808
129,77,85,0.319,0.406,0.413,0.819,1006,0.283,0.345,0.525,0.87 ,978
130,96,66,0.316,0.406,0.409,0.815,1054,0.269,0.334,0.483,0.817,866
131,86,76,0.31,0.401,0.397,0.798,982,0.273,0.341,0.492,0.833,884
132,82,80,0.308,0.397,0.393,0.79 ,896,0.278,0.345,0.515,0.86 ,931
133,96,66,0.317,0.41,0.408,0.818,1014,0.27,0.336,0.487,0.823,888
134,83,79,0.317,0.406,0.405,0.811,1035,0.285,0.35,0.505,0.855,924
135,90,72,0.312,0.402,0.401,0.803,1006,0.272,0.336,0.503,0.839,902
136,88,74,0.314,0.406,0.398,0.804,1006,0.276,0.34,0.486,0.826,873
137,83,79,0.303,0.394,0.393,0.787,941,0.278,0.345,0.502,0.847,950
138,90,72,0.322,0.409,0.419,0.828,1036,0.287,0.352,0.531,0.883,983
139,97,65,0.326,0.414,0.419,0.833,1064,0.27,0.335,0.476,0.810,883
140,82,80,0.311,0.397,0.401,0.798,927,0.28,0.344,0.501,0.845,940
141,84,78,0.315,0.405,0.405,0.81 ,1024,0.283,0.34,0.512,0.852,950
142,96,66,0.32,0.409,0.414,0.823,1119,0.278,0.345,0.508,0.853,933
143,93,69,0.319,0.418,0.417,0.835,1102,0.287,0.352,0.527,0.879,1011
144,100,62,0.326,0.416,0.426,0.842,1119,0.278,0.342,0.506,0.848,916
145,86,76,0.316,0.407,0.403,0.81 ,1011,0.281,0.345,0.502,0.847,929
146,96,66,0.317,0.404,0.409,0.813,1026,0.275,0.342,0.49,0.832,906
147,81,81,0.311,0.403,0.405,0.808,1011,0.285,0.348,0.521,0.869,992
148,92,70,0.312,0.402,0.401,0.803,977,0.271,0.334,0.483,0.817,857
149,80,82,0.314,0.398,0.412,0.81 ,972,0.284,0.347,0.519,0.866,954
150,85,77,0.319,0.408,0.41,0.818,1000,0.276,0.338,0.497,0.835,891
151,86,76,0.317,0.409,0.409,0.818,1082,0.284,0.349,0.517,0.866,970
152,87,75,0.323,0.413,0.41,0.823,1095,0.274,0.339,0.501,0.840,908
153,87,75,0.322,0.41,0.419,0.829,1068,0.281,0.347,0.509,0.856,973
154,86,76,0.313,0.397,0.407,0.804,993,0.272,0.336,0.492,0.828,926
155,93,69,0.32,0.406,0.415,0.821,1093,0.284,0.346,0.51,0.856,940
156,95,67,0.314,0.404,0.408,0.812,1038,0.272,0.335,0.488,0.823,866
157,88,74,0.308,0.399,0.396,0.795,983,0.276,0.338,0.507,0.845,931
158,90,72,0.312,0.404,0.396,0.8 O,1022,0.273,0.34,0.478,0.818,882
159,88,74,0.317,0.408,0.404,0.812,1041,0.275,0.341,0.511,0.852,932
160,87,75,0.319,0.406,0.408,0.814,981,0.271,0.336,0.492,0.828,889
161,89,73,0.317,0.4,0.412,0.812,962,0.279,0.344,0.496,0.84 ,924
162,83,79,0.312,0.403,0.401,0.804,1013,0.274,0.339,0.511,0.850,922
163,87,75,0.311,0.403,0.4,0.803,982,0.276,0.335,0.5,0.835,892
164,96,66,0.33,0.422,0.432,0.854,1155,0.28,0.341,0.515,0.856,947
165,94,68,0.319,0.414,0.413,0.827,1092,0.279,0.344,0.494,0.838,906
166,84,78,0.317,0.406,0.41,0.816,1016,0.283,0.348,0.52,0.868,996
167,76,86,0.307,0.397,0.4,0.797,947,0.287,0.35,0.506,0.856,957
168,93,69,0.324,0.415,0.422,0.837,1093,0.279,0.341,0.495,0.836,913
169,84,78,0.322,0.406,0.409,0.815,1040,0.287,0.351,0.524,0.875,992
170,87,75,0.316,0.409,0.409,0.818,1032,0.278,0.346,0.508,0.854,967
171,77,85,0.307,0.402,0.392,0.794,930,0.282,0.346,0.523,0.869,968
172,94,68,0.32,0.407,0.412,0.819,1020,0.275,0.337,0.5,0.837,890
173,95,67,0.322,0.415,0.417,0.832,1073,0.27,0.339,0.483,0.822,887
174,95,67,0.314,0.4,0.407,0.806,956,0.288,0.352,0.513,0.865,937
175,84,78,0.318,0.409,0.403,0.812,1039,0.285,0.343,0.513,0.856,978
176,89,73,0.323,0.413,0.418,0.831,1048,0.29,0.353,0.538,0.891,1002
177,98,64,0.315,0.407,0.419,0.826,1060,0.27,0.334,0.492,0.826,885
178,91,71,0.316,0.403,0.418,0.821,1071,0.28,0.339,0.518,0.857,960
179,92,70,0.317,0.408,0.404,0.812,1000,0.273,0.334,0.494,0.828,919
180,92,70,0.325,0.415,0.424,0.839,1121,0.284,0.344,0.526,0.87 ,953
181,81,81,0.308,0.4,0.41,0.81 ,949,0.276,0.34,0.496,0.836,898
182,96,66,0.32,0.406,0.411,0.817,1011,0.275,0.342,0.487,0.829,907
183,93,69,0.315,0.406,0.401,0.807,1030,0.277,0.34,0.494,0.834,892
184,97,65,0.317,0.406,0.406,0.812,1035,0.266,0.328,0.471,0.798,857
185,80,82,0.303,0.396,0.391,0.787,942,0.283,0.353,0.497,0.85 ,908
186,87,75,0.311,0.397,0.398,0.795,942,0.27,0.331,0.497,0.828,872
187,92,70,0.324,0.419,0.418,0.837,1088,0.278,0.342,0.513,0.855,930
188,89,73,0.32,0.411,0.403,0.814,1046,0.28,0.341,0.516,0.857,915
189,89,73,0.314,0.4,0.404,0.804,1022,0.286,0.347,0.524,0.871,969
190,77,85,0.313,0.403,0.406,0.809,998,0.281,0.342,0.509,0.851,969
191,83,79,0.314,0.402,0.407,0.808,1025,0.284,0.347,0.515,0.862,944
192,94,68,0.317,0.407,0.418,0.825,1063,0.266,0.333,0.49,0.823,882
193,84,78,0.306,0.401,0.391,0.792,995,0.279,0.348,0.511,0.859,953
194,85,77,0.31,0.396,0.398,0.794,940,0.282,0.343,0.5,0.843,904
195,83,79,0.315,0.404,0.402,0.806,1017,0.29,0.349,0.511,0.86 ,966
196,92,70,0.316,0.407,0.408,0.815,1008,0.286,0.349,0.501,0.85 ,968
197,82,80,0.316,0.404,0.408,0.812,1037,0.29,0.351,0.514,0.865,987
198,76,86,0.315,0.402,0.419,0.821,974,0.283,0.347,0.521,0.868,978
199,99,63,0.317,0.41,0.402,0.812,1065,0.269,0.336,0.483,0.819,893
200,69,93,0.307,0.397,0.396,0.793,943,0.293,0.358,0.538,0.896,1029
201,83,79,0.317,0.403,0.404,0.807,1011,0.288,0.354,0.529,0.883,1037
202,92,70,0.313,0.401,0.401,0.802,1023,0.286,0.351,0.528,0.879,1026
203,86,76,0.315,0.404,0.411,0.815,1004,0.279,0.348,0.506,0.854,926
204,94,68,0.313,0.402,0.406,0.808,1005,0.277,0.339,0.503,0.842,902
205,75,87,0.304,0.395,0.4,0.795,952,0.285,0.353,0.509,0.862,985
206,91,71,0.314,0.405,0.406,0.811,1046,0.279,0.346,0.498,0.844,954
207,98,64,0.325,0.414,0.416,0.83 ,1061,0.273,0.338,0.485,0.823,890
208,86,76,0.316,0.402,0.406,0.808,988,0.27,0.338,0.498,0.836,875
209,90,72,0.318,0.406,0.408,0.814,1014,0.279,0.343,0.503,0.846,962
210,75,87,0.319,0.412,0.413,0.825,1027,0.279,0.348,0.515,0.863,980
211,80,82,0.304,0.386,0.395,0.781,915,0.277,0.345,0.503,0.848,931
212,86,76,0.309,0.403,0.401,0.804,992,0.277,0.346,0.495,0.841,935
213,92,70,0.317,0.405,0.409,0.814,1003,0.276,0.344,0.498,0.842,920
214,85,77,0.324,0.407,0.411,0.818,1005,0.284,0.349,0.522,0.871,938
215,78,84,0.306,0.396,0.4,0.796,989,0.28,0.348,0.504,0.852,965
216,80,82,0.308,0.397,0.397,0.794,953,0.276,0.344,0.509,0.853,966
217,89,73,0.312,0.399,0.401,0.8 O,1021,0.27,0.334,0.496,0.830,879
218,97,65,0.323,0.413,0.424,0.837,1106,0.277,0.345,0.495,0.84 ,911
219,80,82,0.312,0.404,0.405,0.809,997,0.282,0.348,0.499,0.847,970
220,86,76,0.311,0.403,0.397,0.8 O,1013,0.275,0.337,0.492,0.829,902
221,91,71,0.317,0.404,0.412,0.816,1025,0.275,0.338,0.5,0.838,904
222,92,70,0.31,0.402,0.407,0.808,998,0.276,0.338,0.481,0.819,885
223,85,77,0.315,0.404,0.401,0.805,982,0.284,0.35,0.52,0.87 ,978
224,82,80,0.314,0.403,0.404,0.807,1008,0.279,0.343,0.505,0.848,953
225,81,81,0.31,0.398,0.407,0.804,980,0.285,0.348,0.527,0.875,977
226,93,69,0.321,0.407,0.409,0.816,1012,0.272,0.338,0.481,0.819,839
227,103,59,0.326,0.412,0.416,0.828,1079,0.266,0.334,0.472,0.806,834
228,86,76,0.322,0.411,0.416,0.827,1101,0.289,0.356,0.522,0.878,1035
229,85,77,0.313,0.401,0.406,0.807,1014,0.279,0.339,0.506,0.845,932
230,88,74,0.314,0.4,0.409,0.808,990,0.279,0.345,0.502,0.847,916
231,78,84,0.306,0.397,0.395,0.792,915,0.276,0.342,0.5,0.842,919
232,86,76,0.311,0.405,0.395,0.8 O,995,0.279,0.339,0.508,0.847,925
233,80,82,0.315,0.4,0.401,0.801,1021,0.278,0.343,0.515,0.858,965
234,88,74,0.314,0.399,0.407,0.806,1007,0.274,0.341,0.495,0.836,920
235,96,66,0.32,0.414,0.417,0.831,1082,0.279,0.341,0.515,0.856,958
236,78,84,0.308,0.398,0.389,0.787,946,0.285,0.349,0.535,0.884,998
237,80,82,0.309,0.399,0.393,0.792,945,0.292,0.356,0.548,0.904,1045
238,72,90,0.306,0.395,0.396,0.791,945,0.283,0.343,0.518,0.861,964
239,85,77,0.318,0.405,0.405,0.81 ,1058,0.285,0.351,0.518,0.869,991
240,96,66,0.316,0.405,0.414,0.819,1036,0.275,0.337,0.497,0.834,899
241,96,66,0.319,0.41,0.415,0.825,1104,0.281,0.347,0.504,0.851,955
242,78,84,0.313,0.404,0.406,0.81 ,1028,0.289,0.347,0.524,0.871,976
243,87,75,0.316,0.407,0.407,0.814,965,0.273,0.342,0.482,0.824,893
244,81,81,0.309,0.395,0.391,0.786,928,0.282,0.343,0.515,0.858,916
245,98,64,0.32,0.408,0.408,0.816,1066,0.272,0.334,0.499,0.833,902
246,88,74,0.322,0.408,0.417,0.825,1069,0.279,0.341,0.503,0.844,889
247,83,79,0.315,0.401,0.406,0.807,995,0.283,0.346,0.501,0.847,947
248,89,73,0.326,0.413,0.42,0.833,1050,0.279,0.34,0.506,0.846,927
249,86,76,0.317,0.409,0.413,0.822,1077,0.277,0.342,0.515,0.857,926
250,85,77,0.308,0.401,0.389,0.79 ,955,0.283,0.348,0.518,0.866,984
251,83,79,0.313,0.401,0.408,0.808,1006,0.281,0.347,0.513,0.86 ,978
252,85,77,0.32,0.412,0.425,0.837,1090,0.284,0.349,0.53,0.879,1011
253,89,73,0.326,0.414,0.423,0.837,1107,0.278,0.343,0.493,0.836,908
254,77,85,0.307,0.4,0.386,0.786,913,0.28,0.344,0.509,0.853,935
255,80,82,0.309,0.4,0.401,0.801,972,0.281,0.345,0.517,0.862,995
256,89,73,0.32,0.409,0.415,0.824,1060,0.278,0.341,0.51,0.851,936
257,92,70,0.314,0.407,0.408,0.815,965,0.272,0.341,0.495,0.836,900
258,76,86,0.31,0.395,0.398,0.793,910,0.282,0.348,0.512,0.86 ,929
259,87,75,0.311,0.399,0.401,0.8 O,966,0.268,0.335,0.498,0.833,843
260,97,65,0.322,0.408,0.414,0.822,1066,0.274,0.336,0.506,0.842,935
261,84,78,0.318,0.406,0.4,0.806,1017,0.285,0.349,0.508,0.857,966
262,84,78,0.313,0.401,0.399,0.8 O,995,0.284,0.347,0.512,0.859,976
263,85,77,0.321,0.412,0.41,0.822,1076,0.287,0.349,0.528,0.877,1001
264,95,67,0.315,0.403,0.412,0.815,1030,0.274,0.34,0.499,0.839,913
265,76,86,0.307,0.398,0.393,0.791,940,0.283,0.346,0.51,0.856,945
266,84,78,0.306,0.396,0.391,0.787,991,0.274,0.339,0.499,0.838,895
267,87,75,0.314,0.406,0.404,0.81 ,977,0.278,0.341,0.526,0.867,962
268,95,67,0.303,0.396,0.391,0.787,959,0.271,0.34,0.492,0.832,882
269,92,70,0.315,0.399,0.404,0.803,1015,0.277,0.341,0.493,0.834,890
270,100,62,0.322,0.414,0.419,0.833,1122,0.274,0.341,0.5,0.841,915
271,96,66,0.325,0.418,0.418,0.836,1107,0.277,0.34,0.506,0.846,910
272,85,77,0.32,0.406,0.407,0.813,1030,0.279,0.344,0.506,0.85 ,944
273,89,73,0.319,0.413,0.404,0.817,1068,0.285,0.352,0.517,0.869,1009
274,82,80,0.303,0.393,0.387,0.78 ,930,0.281,0.343,0.511,0.854,910
275,94,68,0.311,0.403,0.408,0.810,997,0.282,0.349,0.501,0.85 ,894
276,97,65,0.321,0.409,0.41,0.819,1050,0.281,0.346,0.517,0.863,958
277,94,68,0.305,0.401,0.396,0.797,968,0.27,0.338,0.493,0.831,848
278,86,76,0.317,0.409,0.407,0.816,1008,0.283,0.349,0.506,0.855,957
279,86,76,0.32,0.405,0.417,0.822,1032,0.28,0.346,0.505,0.851,907
280,82,80,0.318,0.408,0.409,0.817,1054,0.278,0.344,0.507,0.851,963
281,91,71,0.309,0.403,0.403,0.806,1015,0.279,0.346,0.504,0.85 ,934
282,94,68,0.332,0.415,0.432,0.847,1129,0.276,0.34,0.491,0.831,919
283,85,77,0.309,0.399,0.396,0.795,992,0.281,0.344,0.511,0.855,933
284,82,80,0.308,0.397,0.398,0.795,988,0.276,0.341,0.503,0.844,942
285,88,74,0.31,0.401,0.387,0.788,946,0.271,0.337,0.49,0.827,863
286,98,64,0.318,0.404,0.414,0.818,1055,0.282,0.345,0.511,0.856,946
287,79,83,0.323,0.407,0.41,0.817,988,0.286,0.35,0.515,0.865,964
288,86,76,0.312,0.399,0.4,0.799,1015,0.28,0.347,0.498,0.845,946
289,100,62,0.326,0.412,0.419,0.831,1051,0.275,0.339,0.502,0.841,878
290,77,85,0.304,0.393,0.393,0.786,923,0.283,0.346,0.517,0.863,972
291,90,72,0.32,0.408,0.403,0.810,1041,0.267,0.336,0.481,0.817,871
292,90,72,0.307,0.4,0.394,0.794,976,0.264,0.333,0.478,0.810,890
293,96,66,0.32,0.413,0.422,0.835,1078,0.275,0.338,0.497,0.835,901
294,88,74,0.321,0.413,0.413,0.826,1068,0.278,0.343,0.512,0.855,945
295,79,83,0.32,0.41,0.41,0.82 ,985,0.288,0.355,0.527,0.882,1003
296,83,79,0.305,0.398,0.392,0.79 ,952,0.28,0.341,0.5,0.841,919
297,74,88,0.309,0.4,0.398,0.798,979,0.289,0.354,0.523,0.877,1059
298,96,66,0.315,0.41,0.406,0.816,1046,0.273,0.332,0.48,0.812,846
299,102,60,0.321,0.408,0.409,0.817,1039,0.27,0.334,0.482,0.816,855
300,83,79,0.315,0.405,0.409,0.814,1013,0.284,0.35,0.52,0.87 ,943
301,85,77,0.317,0.411,0.4,0.810,1023,0.291,0.353,0.527,0.88 ,991
302,94,68,0.308,0.404,0.397,0.801,1019,0.278,0.344,0.51,0.854,944
303,85,77,0.298,0.39,0.382,0.772,899,0.277,0.34,0.517,0.857,876
304,76,86,0.308,0.402,0.398,0.8 O,952,0.288,0.352,0.523,0.875,1010
305,79,83,0.311,0.399,0.401,0.8 O,972,0.278,0.339,0.51,0.849,952
306,85,77,0.32,0.412,0.411,0.823,1069,0.277,0.347,0.507,0.854,941
307,78,84,0.314,0.4,0.404,0.804,990,0.289,0.353,0.516,0.869,972
308,82,80,0.307,0.394,0.395,0.789,924,0.276,0.337,0.494,0.831,863
309,83,79,0.322,0.409,0.416,0.825,1017,0.288,0.349,0.516,0.865,976
310,84,78,0.311,0.402,0.4,0.802,990,0.275,0.341,0.502,0.843,935
311,96,66,0.323,0.413,0.418,0.831,1051,0.277,0.344,0.51,0.854,901
312,89,73,0.307,0.397,0.391,0.788,930,0.271,0.336,0.495,0.831,873
313,80,82,0.313,0.4,0.401,0.801,963,0.284,0.348,0.525,0.873,959
314,100,62,0.329,0.416,0.425,0.841,1150,0.271,0.333,0.495,0.828,879
315,90,72,0.33,0.416,0.418,0.834,1056,0.28,0.345,0.51,0.855,916
316,78,84,0.315,0.402,0.406,0.808,961,0.285,0.348,0.522,0.87 ,993
317,95,67,0.307,0.4,0.403,0.803,1009,0.284,0.344,0.498,0.842,912
318,85,77,0.327,0.421,0.42,0.841,1067,0.274,0.34,0.495,0.835,908
319,77,85,0.306,0.397,0.393,0.79 ,980,0.281,0.347,0.513,0.86 ,938
320,85,77,0.313,0.406,0.407,0.813,1042,0.276,0.341,0.508,0.849,956
321,84,78,0.322,0.412,0.413,0.825,1024,0.287,0.357,0.523,0.88 ,997
322,89,73,0.317,0.403,0.413,0.816,1012,0.277,0.343,0.505,0.848,929
323,92,70,0.316,0.406,0.408,0.814,1006,0.282,0.346,0.505,0.851,940
324,88,74,0.312,0.403,0.4,0.803,1005,0.277,0.337,0.502,0.839,881
325,82,80,0.315,0.399,0.405,0.804,978,0.277,0.343,0.519,0.862,943
326,82,80,0.32,0.412,0.421,0.833,1033,0.287,0.35,0.536,0.886,1015
327,82,80,0.312,0.4,0.406,0.806,1021,0.284,0.348,0.515,0.863,985
328,89,73,0.313,0.405,0.408,0.813,1000,0.275,0.336,0.509,0.845,870
329,79,83,0.317,0.41,0.406,0.816,1008,0.288,0.353,0.515,0.868,971
330,87,75,0.318,0.409,0.407,0.816,1034,0.275,0.336,0.507,0.843,960
331,91,71,0.319,0.405,0.406,0.811,1037,0.283,0.346,0.524,0.87 ,950
332,93,69,0.32,0.41,0.41,0.82 ,1026,0.28,0.344,0.506,0.85 ,933
333,96,66,0.325,0.407,0.423,0.83 ,1069,0.276,0.343,0.497,0.840,912
334,92,70,0.318,0.406,0.419,0.825,1035,0.277,0.342,0.494,0.836,921
335,95,67,0.31,0.403,0.41,0.813,1036,0.279,0.346,0.498,0.844,913
336,89,73,0.313,0.409,0.413,0.822,1025,0.273,0.337,0.497,0.834,871
337,92,70,0.308,0.399,0.396,0.795,1020,0.271,0.334,0.484,0.818,893
338,93,69,0.321,0.404,0.405,0.809,1048,0.275,0.344,0.508,0.852,954
339,99,63,0.319,0.403,0.417,0.820,991,0.271,0.337,0.506,0.843,892
340,83,79,0.313,0.402,0.402,0.804,1007,0.278,0.341,0.51,0.851,949
341,92,70,0.316,0.405,0.406,0.811,1019,0.274,0.34,0.51,0.850,932
342,89,73,0.324,0.413,0.42,0.833,1095,0.285,0.351,0.506,0.857,961
343,91,71,0.321,0.411,0.416,0.827,1082,0.281,0.349,0.516,0.865,955
344,85,77,0.318,0.407,0.401,0.808,999,0.279,0.346,0.507,0.853,974
345,83,79,0.326,0.415,0.425,0.84 ,1160,0.29,0.354,0.533,0.887,1055
346,97,65,0.319,0.41,0.415,0.825,1049,0.272,0.337,0.486,0.823,874
347,90,72,0.316,0.405,0.405,0.81 ,1029,0.279,0.347,0.511,0.858,924
348,85,77,0.313,0.402,0.407,0.808,956,0.276,0.335,0.486,0.821,853
349,89,73,0.318,0.408,0.416,0.824,987,0.279,0.346,0.505,0.851,913
350,82,80,0.319,0.407,0.411,0.818,1017,0.281,0.345,0.507,0.852,937
351,92,70,0.315,0.405,0.408,0.813,1024,0.272,0.339,0.494,0.833,884
352,88,74,0.319,0.409,0.409,0.818,1019,0.274,0.335,0.502,0.837,897
353,80,82,0.315,0.401,0.41,0.810,982,0.286,0.349,0.522,0.871,1005
354,80,82,0.314,0.402,0.401,0.803,950,0.284,0.349,0.514,0.863,962
355,87,75,0.317,0.406,0.409,0.815,1005,0.276,0.34,0.503,0.843,913
356,86,76,0.307,0.399,0.399,0.798,983,0.272,0.336,0.492,0.828,886
357,87,75,0.311,0.401,0.395,0.796,992,0.283,0.346,0.515,0.861,965
358,85,77,0.316,0.405,0.405,0.81 ,992,0.281,0.343,0.523,0.866,921
359,89,73,0.316,0.404,0.402,0.806,1011,0.27,0.336,0.494,0.830,891
360,94,68,0.317,0.403,0.404,0.807,1017,0.272,0.332,0.498,0.830,864
361,86,76,0.32,0.405,0.41,0.815,1013,0.277,0.34,0.51,0.850,910
362,83,79,0.308,0.398,0.396,0.794,976,0.282,0.348,0.507,0.855,963
363,86,76,0.312,0.403,0.409,0.812,1012,0.275,0.338,0.512,0.850,943
364,101,61,0.322,0.408,0.422,0.83 ,1058,0.273,0.335,0.499,0.834,892
365,85,77,0.316,0.407,0.408,0.815,977,0.277,0.345,0.496,0.841,921
366,88,74,0.319,0.406,0.412,0.818,1024,0.287,0.35,0.517,0.867,971
367,86,76,0.318,0.408,0.405,0.813,1039,0.274,0.338,0.511,0.849,927
368,85,77,0.314,0.404,0.396,0.8 O,997,0.276,0.335,0.496,0.831,859
369,91,71,0.328,0.423,0.421,0.844,1137,0.279,0.348,0.516,0.864,977
370,89,73,0.31,0.401,0.396,0.797,962,0.286,0.347,0.509,0.856,934
371,75,87,0.313,0.407,0.402,0.808,978,0.286,0.353,0.528,0.881,1003
372,88,74,0.311,0.398,0.4,0.798,970,0.275,0.341,0.487,0.828,910
373,91,71,0.314,0.403,0.408,0.810,986,0.265,0.329,0.486,0.815,873
374,99,63,0.332,0.421,0.427,0.848,1162,0.274,0.339,0.499,0.838,898
375,93,69,0.328,0.415,0.419,0.834,1095,0.289,0.356,0.517,0.873,1011
376,89,73,0.314,0.405,0.4,0.805,1051,0.283,0.345,0.511,0.856,932
377,90,72,0.318,0.408,0.406,0.814,1020,0.27,0.335,0.491,0.826,871
378,77,85,0.303,0.397,0.392,0.789,908,0.287,0.35,0.512,0.862,943
379,79,83,0.307,0.398,0.394,0.792,987,0.285,0.349,0.516,0.865,947
380,82,80,0.315,0.401,0.411,0.812,979,0.285,0.353,0.516,0.869,1001
381,87,75,0.326,0.412,0.414,0.826,1057,0.285,0.347,0.524,0.871,974
382,95,67,0.307,0.403,0.395,0.798,978,0.269,0.337,0.489,0.826,885
383,83,79,0.305,0.394,0.391,0.785,948,0.277,0.338,0.502,0.840,897
384,90,72,0.319,0.407,0.405,0.812,1072,0.27,0.333,0.487,0.820,909
385,93,69,0.313,0.402,0.399,0.801,1024,0.267,0.336,0.477,0.813,827
386,85,77,0.316,0.405,0.4,0.805,1026,0.275,0.343,0.5,0.843,916
387,89,73,0.316,0.405,0.409,0.814,1018,0.274,0.339,0.503,0.842,893
388,88,74,0.308,0.4,0.398,0.798,952,0.273,0.338,0.496,0.834,874
389,94,68,0.316,0.402,0.411,0.813,1022,0.276,0.343,0.49,0.833,893
390,83,79,0.321,0.41,0.412,0.822,1051,0.285,0.349,0.508,0.857,971
391,85,77,0.311,0.4,0.396,0.796,955,0.28,0.349,0.509,0.858,1000
392,85,77,0.317,0.401,0.405,0.806,939,0.273,0.336,0.491,0.827,868
393,90,72,0.312,0.399,0.393,0.792,941,0.273,0.336,0.485,0.821,857
394,80,82,0.313,0.399,0.395,0.794,943,0.283,0.355,0.506,0.861,978
395,84,78,0.317,0.409,0.412,0.821,1034,0.287,0.355,0.531,0.886,1012
396,85,77,0.31,0.4,0.398,0.798,974,0.278,0.346,0.504,0.85 ,962
397,84,78,0.317,0.41,0.398,0.808,1043,0.279,0.341,0.499,0.840,927
398,89,73,0.312,0.405,0.406,0.811,1003,0.279,0.344,0.506,0.85 ,939
399,88,74,0.319,0.405,0.414,0.819,1049,0.282,0.345,0.526,0.871,961
400,81,81,0.31,0.401,0.402,0.803,964,0.277,0.345,0.507,0.852,916
401,91,71,0.314,0.406,0.407,0.813,1029,0.273,0.336,0.495,0.831,907
402,88,74,0.318,0.406,0.409,0.815,1026,0.275,0.341,0.502,0.843,913
403,81,81,0.304,0.395,0.389,0.784,976,0.277,0.344,0.512,0.856,942
404,90,72,0.327,0.415,0.417,0.832,1103,0.277,0.337,0.513,0.850,926
405,86,76,0.314,0.403,0.406,0.809,1006,0.279,0.345,0.51,0.855,927
406,84,78,0.318,0.403,0.418,0.821,1052,0.274,0.339,0.502,0.841,907
407,87,75,0.317,0.408,0.409,0.817,1039,0.278,0.34,0.517,0.857,955
408,86,76,0.313,0.402,0.4,0.802,999,0.28,0.348,0.511,0.859,975
409,92,70,0.32,0.409,0.429,0.838,1111,0.268,0.336,0.491,0.827,894
410,82,80,0.312,0.406,0.403,0.809,1031,0.288,0.35,0.537,0.887,995
411,87,75,0.314,0.404,0.401,0.805,1010,0.279,0.345,0.508,0.853,932
412,84,78,0.314,0.405,0.405,0.81 ,981,0.289,0.352,0.515,0.867,961
413,84,78,0.313,0.402,0.399,0.801,980,0.284,0.35,0.508,0.858,927
414,88,74,0.316,0.404,0.415,0.819,1041,0.284,0.345,0.52,0.865,951
415,85,77,0.314,0.405,0.41,0.815,989,0.281,0.345,0.518,0.863,933
416,90,72,0.313,0.401,0.399,0.8 O,969,0.277,0.339,0.483,0.822,888
417,89,73,0.326,0.416,0.42,0.836,1087,0.284,0.346,0.517,0.863,970
418,77,85,0.314,0.402,0.396,0.798,980,0.282,0.346,0.517,0.863,955
419,96,66,0.321,0.406,0.412,0.818,1047,0.281,0.342,0.516,0.858,932
420,94,68,0.318,0.414,0.416,0.83 ,1077,0.276,0.342,0.504,0.846,906
421,81,81,0.307,0.397,0.4,0.797,914,0.274,0.338,0.506,0.844,913
422,79,83,0.312,0.403,0.404,0.807,1023,0.291,0.353,0.527,0.88 ,1012
423,93,69,0.323,0.414,0.415,0.829,1061,0.284,0.345,0.525,0.87 ,976
424,90,72,0.318,0.402,0.413,0.815,1005,0.275,0.339,0.508,0.847,920
425,98,64,0.315,0.411,0.408,0.819,1030,0.277,0.339,0.498,0.837,866
426,80,82,0.323,0.413,0.418,0.831,1091,0.28,0.346,0.53,0.876,1009
427,86,76,0.307,0.398,0.398,0.796,960,0.281,0.347,0.52,0.867,965
428,81,81,0.305,0.4,0.396,0.796,977,0.286,0.346,0.511,0.857,948
429,90,72,0.319,0.409,0.411,0.82 ,1062,0.279,0.347,0.503,0.85 ,910
430,86,76,0.32,0.408,0.414,0.822,1043,0.286,0.348,0.519,0.867,949
431,84,78,0.314,0.401,0.405,0.806,991,0.273,0.339,0.505,0.844,942
432,88,74,0.322,0.413,0.416,0.829,1020,0.281,0.345,0.511,0.856,911
433,89,73,0.326,0.414,0.416,0.83 ,1086,0.278,0.345,0.497,0.842,939
434,86,76,0.304,0.393,0.393,0.786,935,0.27,0.337,0.482,0.819,852
435,89,73,0.31,0.401,0.392,0.793,984,0.28,0.34,0.511,0.851,920
436,88,74,0.312,0.403,0.403,0.806,982,0.273,0.337,0.496,0.833,876
437,98,64,0.31,0.399,0.401,0.8 O,979,0.262,0.324,0.478,0.802,827
438,85,77,0.323,0.412,0.416,0.828,1066,0.285,0.35,0.521,0.871,1003
439,91,71,0.318,0.405,0.401,0.806,961,0.272,0.341,0.494,0.835,888
440,89,73,0.312,0.405,0.395,0.8 O,1003,0.28,0.343,0.499,0.842,915
441,88,74,0.315,0.405,0.405,0.81 ,1019,0.279,0.343,0.496,0.839,905
442,95,67,0.317,0.408,0.409,0.817,1042,0.266,0.33,0.49,0.820,824
443,83,79,0.311,0.401,0.397,0.798,947,0.281,0.345,0.515,0.86 ,957
444,95,67,0.323,0.414,0.424,0.838,1110,0.276,0.342,0.505,0.847,922
445,70,92,0.314,0.399,0.406,0.805,928,0.289,0.357,0.532,0.889,1022
446,80,82,0.316,0.403,0.409,0.812,1047,0.285,0.349,0.514,0.863,1001
447,88,74,0.306,0.399,0.395,0.794,989,0.275,0.339,0.506,0.845,910
448,71,91,0.314,0.402,0.403,0.805,1022,0.281,0.344,0.512,0.856,975
449,102,60,0.32,0.414,0.422,0.836,1075,0.272,0.336,0.488,0.824,832
450,80,82,0.317,0.401,0.413,0.814,980,0.268,0.331,0.498,0.829,895
451,83,79,0.307,0.401,0.404,0.805,1038,0.277,0.342,0.512,0.854,960
452,84,78,0.314,0.406,0.401,0.807,999,0.275,0.343,0.515,0.858,937
453,87,75,0.317,0.405,0.407,0.812,1064,0.268,0.331,0.481,0.812,855
454,86,76,0.316,0.403,0.404,0.807,982,0.274,0.337,0.511,0.848,920
455,90,72,0.318,0.406,0.416,0.822,1036,0.281,0.341,0.515,0.856,954
456,84,78,0.316,0.405,0.407,0.812,1034,0.284,0.348,0.517,0.865,978
457,94,68,0.322,0.405,0.412,0.817,1034,0.272,0.34,0.504,0.844,897
458,97,65,0.325,0.409,0.42,0.829,1077,0.277,0.339,0.504,0.843,928
459,77,85,0.31,0.396,0.4,0.796,944,0.277,0.34,0.511,0.851,920
460,79,83,0.308,0.394,0.399,0.793,976,0.281,0.35,0.512,0.862,981
461,87,75,0.307,0.397,0.39,0.787,967,0.279,0.346,0.51,0.856,941
462,77,85,0.305,0.395,0.394,0.789,938,0.286,0.35,0.514,0.864,956
463,86,76,0.307,0.395,0.398,0.793,949,0.269,0.332,0.496,0.828,904
464,79,83,0.304,0.392,0.393,0.785,923,0.272,0.338,0.505,0.843,924
465,92,70,0.316,0.408,0.412,0.82 ,1067,0.281,0.345,0.5,0.845,928
466,87,75,0.31,0.396,0.39,0.786,954,0.284,0.354,0.507,0.861,946
467,86,76,0.309,0.403,0.394,0.797,993,0.277,0.343,0.507,0.850,940
468,92,70,0.306,0.398,0.396,0.794,961,0.272,0.332,0.481,0.813,879
469,98,64,0.32,0.411,0.412,0.823,1059,0.279,0.343,0.514,0.857,949
470,83,79,0.317,0.4,0.412,0.812,999,0.284,0.348,0.505,0.853,918
471,81,81,0.304,0.394,0.391,0.785,957,0.276,0.343,0.501,0.844,931
472,95,67,0.324,0.416,0.424,0.84 ,1084,0.285,0.346,0.515,0.861,921
473,83,79,0.312,0.403,0.405,0.808,1005,0.279,0.345,0.5,0.845,905
474,95,67,0.323,0.412,0.42,0.832,1052,0.273,0.334,0.506,0.840,880
475,93,69,0.311,0.404,0.407,0.810,1027,0.281,0.347,0.511,0.858,944
476,75,87,0.318,0.41,0.408,0.818,999,0.293,0.356,0.55,0.906,1085
477,85,77,0.314,0.4,0.405,0.805,982,0.28,0.343,0.519,0.862,939
478,73,89,0.303,0.392,0.388,0.78 ,886,0.28,0.343,0.516,0.859,953
479,75,87,0.313,0.403,0.402,0.805,1029,0.291,0.353,0.523,0.876,1015
480,81,81,0.312,0.408,0.402,0.81 ,1007,0.283,0.35,0.521,0.871,995
481,98,64,0.317,0.412,0.413,0.825,1050,0.268,0.329,0.48,0.808,820
482,85,77,0.31,0.402,0.398,0.8 O,964,0.278,0.342,0.498,0.840,899
483,92,70,0.318,0.405,0.411,0.816,1056,0.272,0.337,0.506,0.843,922
484,85,77,0.317,0.402,0.41,0.812,1021,0.276,0.343,0.508,0.851,906
485,94,68,0.318,0.407,0.41,0.817,1014,0.279,0.342,0.509,0.851,917
486,100,62,0.315,0.405,0.405,0.81 ,1061,0.275,0.339,0.5,0.839,877
487,90,72,0.324,0.413,0.413,0.826,1076,0.282,0.345,0.506,0.851,973
488,88,74,0.327,0.416,0.423,0.839,1062,0.273,0.34,0.506,0.846,922
489,85,77,0.309,0.397,0.4,0.797,958,0.283,0.343,0.526,0.869,950
490,90,72,0.323,0.405,0.415,0.820,1072,0.284,0.349,0.518,0.867,994
491,83,79,0.308,0.397,0.405,0.802,933,0.272,0.345,0.487,0.832,931
492,85,77,0.312,0.401,0.406,0.807,1030,0.278,0.337,0.516,0.853,953
493,85,77,0.318,0.414,0.412,0.826,1038,0.28,0.345,0.512,0.857,948
494,95,67,0.31,0.399,0.411,0.81 ,1014,0.274,0.337,0.491,0.828,830
495,82,80,0.32,0.41,0.425,0.835,1060,0.275,0.337,0.509,0.846,921
496,87,75,0.319,0.4,0.414,0.814,1016,0.278,0.344,0.508,0.852,930
497,94,68,0.323,0.412,0.414,0.826,1070,0.279,0.342,0.509,0.851,916
498,83,79,0.313,0.4,0.4,0.8 O,1008,0.28,0.35,0.508,0.858,964
499,87,75,0.314,0.403,0.402,0.805,1042,0.283,0.346,0.52,0.866,974
500,88,74,0.307,0.395,0.392,0.787,918,0.269,0.334,0.492,0.826,892
501,87,75,0.309,0.401,0.405,0.806,992,0.276,0.342,0.492,0.834,931
502,83,79,0.311,0.4,0.397,0.797,963,0.273,0.338,0.503,0.841,915
503,75,87,0.312,0.397,0.397,0.794,939,0.282,0.345,0.507,0.852,915
504,101,61,0.313,0.4,0.407,0.806,1015,0.27,0.333,0.49,0.823,858
505,88,74,0.322,0.406,0.415,0.821,1013,0.272,0.342,0.497,0.839,889
506,80,82,0.312,0.399,0.397,0.796,959,0.284,0.346,0.507,0.853,927
507,83,79,0.314,0.404,0.409,0.813,1028,0.278,0.34,0.507,0.847,934
508,87,75,0.319,0.401,0.414,0.815,1037,0.278,0.342,0.497,0.839,907
509,87,75,0.315,0.403,0.41,0.813,1010,0.286,0.349,0.507,0.856,949
510,87,75,0.312,0.401,0.399,0.8 O,954,0.287,0.347,0.512,0.859,933
511,86,76,0.312,0.399,0.4,0.799,983,0.278,0.345,0.51,0.855,954
512,96,66,0.31,0.396,0.399,0.795,956,0.278,0.341,0.491,0.832,942
513,85,77,0.312,0.396,0.406,0.802,973,0.28,0.339,0.503,0.842,923
514,83,79,0.31,0.402,0.406,0.808,915,0.278,0.343,0.502,0.845,909
515,79,83,0.313,0.401,0.401,0.802,978,0.284,0.351,0.515,0.866,947
516,95,67,0.323,0.411,0.417,0.828,1103,0.275,0.338,0.5,0.838,897
517,81,81,0.31,0.399,0.392,0.791,979,0.281,0.347,0.511,0.858,931
518,86,76,0.31,0.399,0.399,0.798,996,0.279,0.344,0.507,0.851,968
519,96,66,0.32,0.411,0.424,0.835,1143,0.29,0.35,0.531,0.881,977
520,89,73,0.313,0.405,0.398,0.803,950,0.278,0.341,0.506,0.847,904
521,86,76,0.302,0.393,0.397,0.79 ,954,0.272,0.338,0.494,0.832,901
522,92,70,0.327,0.413,0.418,0.831,1030,0.278,0.34,0.493,0.833,852
523,92,70,0.313,0.406,0.398,0.804,1007,0.288,0.35,0.506,0.856,948
524,81,81,0.307,0.4,0.397,0.797,976,0.288,0.35,0.521,0.871,953
525,83,79,0.311,0.399,0.403,0.802,998,0.286,0.349,0.508,0.857,961
526,78,84,0.311,0.4,0.409,0.808,984,0.281,0.343,0.509,0.852,928
527,96,66,0.327,0.413,0.424,0.837,1077,0.285,0.352,0.507,0.859,965
528,84,78,0.304,0.4,0.385,0.785,940,0.27,0.337,0.484,0.821,854
529,99,63,0.327,0.415,0.425,0.84 ,1095,0.275,0.34,0.49,0.830,884
530,78,84,0.318,0.407,0.411,0.818,1060,0.3,0.363,0.543,0.906,1073
531,97,65,0.316,0.404,0.405,0.809,1030,0.273,0.338,0.488,0.826,893
532,85,77,0.315,0.409,0.404,0.813,1044,0.281,0.35,0.5,0.85 ,958
533,93,69,0.314,0.403,0.415,0.818,1020,0.27,0.328,0.501,0.829,845
534,83,79,0.312,0.406,0.388,0.794,971,0.279,0.343,0.513,0.856,916
535,95,67,0.323,0.409,0.418,0.827,1045,0.278,0.344,0.505,0.849,909
536,78,84,0.307,0.397,0.401,0.798,934,0.274,0.34,0.502,0.842,902
537,78,84,0.311,0.398,0.398,0.796,967,0.283,0.346,0.524,0.87 ,1019
538,81,81,0.31,0.403,0.4,0.803,999,0.289,0.355,0.523,0.878,1003
539,94,68,0.323,0.415,0.413,0.828,1054,0.277,0.336,0.502,0.838,918
540,88,74,0.32,0.408,0.411,0.819,1023,0.274,0.342,0.499,0.841,902
541,83,79,0.308,0.397,0.398,0.795,978,0.275,0.34,0.497,0.837,892
542,85,77,0.314,0.405,0.411,0.816,996,0.278,0.344,0.501,0.845,958
543,91,71,0.314,0.402,0.413,0.815,1016,0.269,0.333,0.483,0.816,857
544,81,81,0.307,0.4,0.391,0.791,952,0.282,0.341,0.505,0.846,914
545,99,63,0.325,0.412,0.418,0.83 ,1125,0.277,0.339,0.483,0.822,852
546,93,69,0.311,0.402,0.401,0.803,1037,0.276,0.344,0.495,0.839,927
547,87,75,0.312,0.401,0.402,0.803,1048,0.283,0.349,0.521,0.87 ,993
548,81,81,0.308,0.396,0.407,0.802,955,0.281,0.346,0.495,0.841,919
549,79,83,0.315,0.405,0.404,0.809,995,0.282,0.347,0.52,0.867,1015
550,91,71,0.323,0.418,0.419,0.837,1138,0.279,0.345,0.511,0.856,955
551,88,74,0.324,0.411,0.429,0.84 ,1088,0.284,0.349,0.521,0.87 ,983
552,75,87,0.304,0.396,0.39,0.786,950,0.285,0.35,0.513,0.863,954
553,74,88,0.32,0.407,0.419,0.826,1047,0.293,0.355,0.542,0.897,1016
554,87,75,0.316,0.404,0.406,0.81 ,1006,0.285,0.348,0.521,0.869,968
555,83,79,0.312,0.401,0.391,0.792,966,0.279,0.348,0.508,0.856,950
556,86,76,0.315,0.403,0.405,0.808,1011,0.282,0.347,0.499,0.846,929
557,94,68,0.315,0.401,0.408,0.808,1003,0.27,0.334,0.491,0.825,881
558,98,64,0.31,0.398,0.4,0.798,960,0.272,0.33,0.492,0.822,845
559,89,73,0.319,0.406,0.405,0.811,1044,0.28,0.341,0.503,0.844,880
560,99,63,0.313,0.404,0.405,0.809,1008,0.266,0.331,0.494,0.825,872
561,90,72,0.312,0.404,0.401,0.805,999,0.276,0.342,0.503,0.845,888
562,94,68,0.317,0.404,0.412,0.816,1004,0.274,0.342,0.486,0.828,866
563,90,72,0.321,0.411,0.41,0.821,1046,0.278,0.343,0.503,0.846,921
564,94,68,0.323,0.409,0.416,0.825,1054,0.285,0.345,0.512,0.857,943
565,82,80,0.317,0.405,0.413,0.818,993,0.292,0.355,0.52,0.875,982
566,92,70,0.317,0.401,0.404,0.805,1009,0.276,0.343,0.497,0.840,922
567,96,66,0.33,0.421,0.423,0.844,1125,0.285,0.351,0.517,0.868,931
568,82,80,0.311,0.398,0.398,0.796,957,0.278,0.339,0.504,0.843,960
569,85,77,0.321,0.41,0.416,0.826,1052,0.292,0.354,0.537,0.891,996
570,87,75,0.321,0.411,0.409,0.82 ,1071,0.285,0.347,0.527,0.874,978
571,100,62,0.315,0.405,0.404,0.809,1051,0.267,0.33,0.476,0.806,833
572,96,66,0.315,0.405,0.4,0.805,998,0.275,0.338,0.488,0.826,897
573,81,81,0.32,0.405,0.41,0.815,1036,0.289,0.355,0.527,0.882,1010
574,85,77,0.32,0.411,0.406,0.817,1043,0.276,0.341,0.499,0.840,919
575,86,76,0.316,0.408,0.405,0.813,1023,0.283,0.346,0.515,0.861,887
576,85,77,0.321,0.406,0.416,0.822,1012,0.282,0.348,0.523,0.871,986
577,87,75,0.321,0.403,0.415,0.818,1037,0.284,0.35,0.522,0.872,983
578,84,78,0.313,0.404,0.401,0.805,978,0.272,0.339,0.481,0.820,872
579,91,71,0.318,0.407,0.406,0.813,1022,0.281,0.342,0.501,0.843,910
580,88,74,0.316,0.408,0.416,0.824,1058,0.285,0.353,0.518,0.871,983
581,85,77,0.312,0.404,0.395,0.799,988,0.282,0.344,0.526,0.87 ,980
582,86,76,0.31,0.401,0.395,0.796,1024,0.28,0.346,0.516,0.862,969
583,87,75,0.308,0.399,0.392,0.791,989,0.28,0.341,0.525,0.866,940
584,87,75,0.316,0.408,0.401,0.808,1043,0.276,0.342,0.508,0.850,941
585,87,75,0.312,0.404,0.401,0.805,1004,0.28,0.339,0.51,0.849,922
586,88,74,0.319,0.408,0.405,0.813,1029,0.291,0.355,0.516,0.871,1001
587,92,70,0.318,0.406,0.412,0.818,1035,0.273,0.338,0.496,0.834,887
588,80,82,0.312,0.398,0.399,0.797,960,0.276,0.343,0.509,0.852,933
589,89,73,0.319,0.411,0.409,0.82 ,1027,0.27,0.336,0.489,0.825,856
590,91,71,0.319,0.406,0.407,0.813,1018,0.271,0.329,0.498,0.827,846
591,85,77,0.319,0.407,0.413,0.82 ,1052,0.277,0.344,0.505,0.849,958
592,80,82,0.314,0.406,0.4,0.806,966,0.28,0.34,0.52,0.860,943
593,95,67,0.326,0.415,0.424,0.839,1098,0.283,0.345,0.501,0.846,896
594,81,81,0.322,0.403,0.414,0.817,1028,0.278,0.342,0.514,0.856,936
595,99,63,0.32,0.412,0.417,0.829,1096,0.277,0.34,0.499,0.839,874
596,89,73,0.326,0.416,0.425,0.841,1075,0.279,0.345,0.505,0.85 ,944
597,92,70,0.324,0.415,0.412,0.827,1126,0.282,0.342,0.508,0.850,921
598,91,71,0.323,0.408,0.407,0.815,1027,0.277,0.34,0.489,0.829,877
599,79,83,0.312,0.407,0.405,0.812,1021,0.287,0.351,0.536,0.887,987
600,86,76,0.318,0.406,0.416,0.822,1023,0.291,0.355,0.521,0.876,1013
601,91,71,0.304,0.396,0.39,0.786,948,0.274,0.336,0.492,0.828,891
602,65,97,0.314,0.404,0.403,0.807,1020,0.293,0.357,0.539,0.896,1064
603,89,73,0.317,0.405,0.407,0.812,1046,0.277,0.338,0.502,0.840,941
604,94,68,0.32,0.41,0.409,0.819,1048,0.277,0.343,0.511,0.854,912
605,87,75,0.312,0.401,0.406,0.807,987,0.274,0.339,0.485,0.824,888
606,83,79,0.312,0.403,0.397,0.8 O,979,0.276,0.343,0.506,0.849,918
607,94,68,0.322,0.409,0.419,0.828,1086,0.283,0.346,0.518,0.864,973
608,85,77,0.311,0.403,0.393,0.796,983,0.284,0.343,0.533,0.876,959
609,90,72,0.312,0.403,0.403,0.806,1023,0.276,0.344,0.499,0.843,912
610,83,79,0.312,0.398,0.414,0.812,962,0.282,0.348,0.506,0.854,928
611,85,77,0.318,0.407,0.421,0.828,1027,0.287,0.346,0.524,0.87 ,948
612,93,69,0.321,0.407,0.418,0.825,1051,0.281,0.346,0.513,0.859,951
613,87,75,0.311,0.402,0.403,0.805,1000,0.278,0.343,0.496,0.839,944
614,85,77,0.313,0.404,0.398,0.802,1003,0.276,0.342,0.514,0.856,963
615,93,69,0.315,0.407,0.412,0.819,1057,0.276,0.34,0.507,0.847,899
616,92,70,0.314,0.403,0.409,0.812,1013,0.277,0.34,0.5,0.840,865
617,87,75,0.318,0.407,0.411,0.818,1049,0.273,0.339,0.507,0.846,916
618,83,79,0.313,0.4,0.399,0.799,966,0.286,0.347,0.537,0.884,962
619,82,80,0.311,0.398,0.4,0.798,975,0.273,0.34,0.501,0.841,898
620,79,83,0.312,0.399,0.403,0.802,939,0.283,0.346,0.522,0.868,959
621,86,76,0.313,0.408,0.399,0.806,986,0.275,0.338,0.508,0.846,916
622,90,72,0.308,0.394,0.399,0.793,931,0.267,0.335,0.487,0.822,853
623,75,87,0.303,0.393,0.386,0.779,935,0.271,0.334,0.491,0.825,918
624,89,73,0.319,0.408,0.414,0.822,1037,0.285,0.347,0.52,0.867,943
625,84,78,0.316,0.407,0.411,0.818,1010,0.289,0.353,0.519,0.872,996
626,79,83,0.316,0.404,0.412,0.816,999,0.285,0.355,0.514,0.869,1006
627,75,87,0.303,0.39,0.394,0.784,896,0.281,0.349,0.512,0.861,963
628,81,81,0.31,0.399,0.396,0.795,940,0.276,0.34,0.497,0.837,852
629,97,65,0.325,0.412,0.409,0.821,1078,0.282,0.343,0.513,0.856,954
630,84,78,0.313,0.399,0.398,0.797,948,0.27,0.335,0.485,0.820,866
631,73,89,0.303,0.393,0.392,0.785,955,0.284,0.347,0.527,0.874,971
632,73,89,0.314,0.399,0.407,0.806,968,0.287,0.35,0.526,0.876,1004
633,88,74,0.311,0.401,0.396,0.797,986,0.27,0.335,0.497,0.832,875
634,78,84,0.316,0.407,0.406,0.813,1028,0.282,0.349,0.529,0.878,988
635,88,74,0.321,0.41,0.419,0.829,1047,0.291,0.358,0.516,0.874,1007
636,78,84,0.312,0.405,0.401,0.806,998,0.275,0.343,0.506,0.849,923
637,89,73,0.319,0.409,0.411,0.82 ,1051,0.277,0.339,0.52,0.859,939
638,88,74,0.316,0.403,0.406,0.809,999,0.279,0.345,0.508,0.853,953
639,98,64,0.317,0.405,0.406,0.811,1063,0.274,0.344,0.491,0.835,907
640,87,75,0.306,0.394,0.394,0.788,928,0.273,0.34,0.49,0.830,929
641,89,73,0.32,0.411,0.411,0.822,1070,0.273,0.336,0.501,0.837,913
642,89,73,0.319,0.409,0.419,0.828,1051,0.286,0.352,0.528,0.88 ,992
643,79,83,0.307,0.388,0.395,0.783,918,0.281,0.347,0.501,0.848,893
644,91,71,0.313,0.404,0.399,0.803,1064,0.278,0.342,0.501,0.843,910
645,81,81,0.315,0.395,0.401,0.796,908,0.281,0.347,0.505,0.852,920
646,79,83,0.317,0.407,0.417,0.824,1044,0.288,0.352,0.526,0.878,1004
647,89,73,0.322,0.412,0.408,0.82 ,1068,0.283,0.347,0.51,0.857,957
648,86,76,0.312,0.403,0.399,0.802,966,0.276,0.339,0.51,0.849,906
649,86,76,0.321,0.412,0.418,0.83 ,1089,0.284,0.348,0.525,0.873,987
650,84,78,0.311,0.4,0.394,0.794,897,0.277,0.345,0.486,0.831,891
651,95,67,0.32,0.407,0.414,0.821,1046,0.272,0.339,0.494,0.833,890
652,84,78,0.312,0.402,0.395,0.797,966,0.283,0.347,0.528,0.875,982
653,86,76,0.308,0.397,0.397,0.794,908,0.274,0.338,0.493,0.831,876
654,79,83,0.302,0.394,0.386,0.78 ,909,0.27,0.338,0.485,0.823,903
655,91,71,0.315,0.412,0.404,0.816,1035,0.283,0.344,0.52,0.864,927
656,88,74,0.321,0.41,0.413,0.823,1027,0.279,0.342,0.52,0.862,972
657,86,76,0.32,0.409,0.41,0.819,1037,0.278,0.343,0.502,0.845,942
658,75,87,0.31,0.398,0.403,0.801,939,0.283,0.348,0.523,0.871,982
659,83,79,0.313,0.4,0.394,0.794,940,0.273,0.34,0.494,0.834,880
660,85,77,0.31,0.401,0.396,0.797,979,0.282,0.341,0.51,0.851,922
661,88,74,0.314,0.402,0.404,0.806,1008,0.277,0.341,0.508,0.849,945
662,85,77,0.321,0.411,0.415,0.826,1080,0.292,0.359,0.537,0.896,1042
663,82,80,0.314,0.403,0.398,0.801,998,0.283,0.346,0.503,0.849,920
664,84,78,0.315,0.402,0.41,0.812,1051,0.278,0.344,0.509,0.853,946
665,96,66,0.323,0.41,0.427,0.837,1053,0.278,0.342,0.515,0.857,954
666,82,80,0.318,0.405,0.41,0.815,1019,0.281,0.343,0.512,0.855,985
667,92,70,0.321,0.415,0.408,0.823,1060,0.277,0.341,0.501,0.842,883
668,89,73,0.323,0.408,0.412,0.82 ,1040,0.284,0.349,0.519,0.868,969
669,72,90,0.311,0.397,0.411,0.808,977,0.28,0.348,0.522,0.87 ,956
670,92,70,0.32,0.409,0.411,0.82 ,1020,0.281,0.348,0.511,0.859,939
671,92,70,0.309,0.404,0.396,0.8 O,989,0.272,0.335,0.484,0.819,897
672,85,77,0.322,0.407,0.41,0.817,1007,0.283,0.346,0.502,0.848,921
673,89,73,0.323,0.408,0.414,0.822,1020,0.269,0.333,0.508,0.841,919
674,89,73,0.319,0.405,0.402,0.807,1005,0.278,0.343,0.501,0.844,921
675,89,73,0.316,0.402,0.409,0.810,1044,0.277,0.339,0.507,0.846,926
676,91,71,0.31,0.396,0.395,0.791,950,0.269,0.336,0.492,0.828,854
677,95,67,0.32,0.411,0.409,0.82 ,1088,0.278,0.344,0.511,0.855,957
678,88,74,0.299,0.394,0.388,0.782,936,0.279,0.343,0.51,0.853,916
679,87,75,0.328,0.412,0.418,0.83 ,1077,0.28,0.343,0.509,0.852,939
680,80,82,0.306,0.394,0.396,0.79 ,966,0.282,0.346,0.512,0.858,950
681,88,74,0.313,0.401,0.407,0.808,1004,0.281,0.344,0.506,0.85 ,905
682,94,68,0.316,0.4,0.41,0.81 ,998,0.274,0.338,0.493,0.831,861
683,87,75,0.32,0.407,0.41,0.817,997,0.275,0.343,0.497,0.840,940
684,86,76,0.322,0.413,0.412,0.825,1070,0.297,0.361,0.537,0.898,1031
685,91,71,0.32,0.405,0.42,0.825,1035,0.278,0.34,0.498,0.838,886
686,92,70,0.318,0.408,0.419,0.827,1028,0.277,0.341,0.494,0.835,873
687,107,55,0.319,0.407,0.409,0.816,1064,0.269,0.335,0.482,0.817,854
688,75,87,0.317,0.403,0.409,0.812,973,0.281,0.345,0.511,0.856,936
689,84,78,0.32,0.407,0.42,0.827,1046,0.291,0.352,0.531,0.883,1020
690,85,77,0.309,0.396,0.396,0.792,981,0.283,0.344,0.51,0.854,956
691,82,80,0.311,0.401,0.401,0.802,958,0.283,0.344,0.511,0.855,933
692,94,68,0.324,0.419,0.419,0.838,1077,0.282,0.342,0.515,0.857,936
693,85,77,0.319,0.406,0.404,0.81 ,1003,0.27,0.339,0.509,0.848,908
694,86,76,0.31,0.401,0.396,0.797,957,0.269,0.336,0.492,0.828,883
695,84,78,0.313,0.408,0.409,0.817,1028,0.279,0.341,0.503,0.844,939
696,82,80,0.315,0.4,0.402,0.802,979,0.269,0.333,0.492,0.825,839
697,82,80,0.319,0.404,0.405,0.809,1001,0.288,0.353,0.523,0.876,1007
698,91,71,0.323,0.412,0.421,0.833,1064,0.28,0.345,0.499,0.844,949
699,76,86,0.307,0.395,0.399,0.794,968,0.28,0.348,0.51,0.858,957
700,93,69,0.321,0.412,0.41,0.822,1077,0.282,0.344,0.501,0.845,947
701,92,70,0.329,0.416,0.423,0.839,1121,0.287,0.356,0.511,0.867,1011
702,84,78,0.311,0.406,0.389,0.795,999,0.278,0.342,0.512,0.854,925
703,93,69,0.307,0.396,0.396,0.792,961,0.266,0.329,0.49,0.819,812
704,76,86,0.308,0.399,0.396,0.795,957,0.281,0.347,0.504,0.851,947
705,91,71,0.315,0.403,0.404,0.807,1018,0.28,0.345,0.509,0.854,941
706,87,75,0.308,0.401,0.391,0.792,993,0.285,0.346,0.508,0.854,940
707,72,90,0.306,0.396,0.394,0.79 ,920,0.284,0.347,0.525,0.872,977
708,87,75,0.311,0.402,0.397,0.799,968,0.279,0.341,0.497,0.838,911
709,80,82,0.316,0.405,0.4,0.805,1017,0.289,0.354,0.529,0.883,1014
710,82,80,0.31,0.403,0.397,0.8 O,967,0.281,0.345,0.508,0.853,928
711,88,74,0.316,0.407,0.405,0.812,1032,0.275,0.342,0.506,0.848,916
712,80,82,0.309,0.393,0.393,0.786,949,0.274,0.337,0.498,0.835,907
713,96,66,0.32,0.409,0.408,0.817,1042,0.275,0.341,0.507,0.848,887
714,90,72,0.31,0.397,0.407,0.804,1003,0.278,0.344,0.505,0.849,918
715,85,77,0.324,0.41,0.412,0.822,1069,0.285,0.35,0.516,0.866,970
716,92,70,0.318,0.407,0.411,0.818,1044,0.289,0.349,0.516,0.865,940
717,93,69,0.316,0.403,0.412,0.815,1007,0.275,0.342,0.494,0.836,896
718,91,71,0.319,0.407,0.417,0.824,1043,0.279,0.342,0.507,0.849,936
719,79,83,0.313,0.404,0.394,0.798,979,0.29,0.348,0.526,0.874,946
720,88,74,0.324,0.41,0.407,0.817,997,0.277,0.344,0.498,0.842,906
721,83,79,0.317,0.406,0.415,0.821,1020,0.284,0.346,0.512,0.858,950
722,95,67,0.326,0.413,0.416,0.829,1072,0.282,0.342,0.51,0.852,921
723,88,74,0.312,0.403,0.401,0.804,982,0.276,0.34,0.515,0.855,905
724,86,76,0.315,0.406,0.407,0.813,1015,0.285,0.349,0.542,0.891,1002
725,87,75,0.313,0.403,0.405,0.808,966,0.275,0.344,0.497,0.841,907
726,92,70,0.309,0.403,0.397,0.8 O,972,0.273,0.337,0.493,0.830,869
727,85,77,0.319,0.412,0.41,0.822,1055,0.278,0.342,0.508,0.850,939
728,78,84,0.307,0.398,0.395,0.793,991,0.289,0.353,0.525,0.878,1035
729,82,80,0.306,0.394,0.385,0.779,930,0.279,0.346,0.497,0.843,947
730,89,73,0.324,0.413,0.416,0.829,1088,0.283,0.351,0.524,0.875,979
731,90,72,0.32,0.41,0.412,0.822,1020,0.278,0.342,0.493,0.835,900
732,97,65,0.322,0.413,0.426,0.839,1089,0.275,0.339,0.505,0.844,921
733,85,77,0.314,0.409,0.399,0.808,967,0.28,0.345,0.502,0.847,927
734,80,82,0.312,0.399,0.404,0.803,994,0.283,0.347,0.519,0.866,968
735,90,72,0.313,0.403,0.4,0.803,961,0.279,0.34,0.509,0.849,906
736,79,83,0.312,0.4,0.408,0.808,1002,0.294,0.357,0.54,0.897,1005
737,95,67,0.32,0.407,0.417,0.824,1080,0.276,0.342,0.517,0.859,981
738,88,74,0.325,0.414,0.419,0.833,1063,0.28,0.34,0.501,0.841,924
739,83,79,0.311,0.397,0.396,0.793,926,0.282,0.342,0.513,0.855,933
740,95,67,0.317,0.412,0.405,0.817,1078,0.283,0.348,0.512,0.86 ,956
741,83,79,0.312,0.402,0.408,0.81 ,981,0.286,0.35,0.513,0.863,974
742,84,78,0.321,0.409,0.415,0.824,1087,0.285,0.349,0.519,0.868,941
743,81,81,0.313,0.405,0.409,0.814,1016,0.281,0.341,0.524,0.865,952
744,93,69,0.313,0.405,0.405,0.81 ,983,0.282,0.345,0.521,0.866,948
745,79,83,0.311,0.401,0.396,0.797,935,0.28,0.344,0.507,0.851,910
746,95,67,0.317,0.408,0.411,0.819,1050,0.267,0.333,0.484,0.817,839
747,84,78,0.303,0.398,0.392,0.79 ,973,0.279,0.342,0.512,0.854,957
748,82,80,0.314,0.399,0.407,0.806,980,0.281,0.346,0.514,0.86 ,952
749,88,74,0.308,0.4,0.396,0.796,977,0.274,0.338,0.485,0.823,869
750,94,68,0.312,0.407,0.404,0.810,1033,0.274,0.337,0.493,0.830,838
751,92,70,0.331,0.416,0.431,0.847,1107,0.273,0.336,0.497,0.833,916
752,87,75,0.312,0.399,0.404,0.803,968,0.273,0.338,0.503,0.841,894
753,86,76,0.314,0.401,0.402,0.803,996,0.282,0.348,0.497,0.845,936
754,82,80,0.305,0.397,0.388,0.785,960,0.276,0.341,0.489,0.830,899
755,83,79,0.313,0.398,0.405,0.803,962,0.274,0.338,0.502,0.840,889
756,87,75,0.316,0.406,0.395,0.801,996,0.282,0.346,0.509,0.855,916
757,81,81,0.315,0.403,0.406,0.809,1016,0.281,0.346,0.507,0.853,957
758,91,71,0.312,0.4,0.397,0.797,979,0.274,0.338,0.49,0.828,896
759,92,70,0.318,0.407,0.412,0.819,1005,0.275,0.342,0.51,0.852,912
760,90,72,0.311,0.398,0.4,0.798,975,0.272,0.336,0.491,0.827,903
761,80,82,0.31,0.396,0.397,0.793,929,0.284,0.35,0.503,0.853,986
762,86,76,0.316,0.408,0.409,0.817,999,0.278,0.342,0.508,0.850,922
763,76,86,0.316,0.4,0.404,0.804,971,0.283,0.349,0.521,0.87 ,984
764,89,73,0.32,0.41,0.417,0.827,1021,0.279,0.345,0.498,0.843,897
765,83,79,0.307,0.394,0.398,0.792,952,0.285,0.348,0.511,0.859,966
766,91,71,0.309,0.401,0.387,0.788,961,0.268,0.33,0.482,0.812,863
767,94,68,0.323,0.41,0.417,0.827,1097,0.276,0.339,0.503,0.842,934
768,86,76,0.315,0.405,0.415,0.820,1026,0.283,0.347,0.516,0.863,967
769,82,80,0.31,0.404,0.403,0.807,995,0.282,0.35,0.511,0.861,974
770,90,72,0.312,0.401,0.41,0.810,1010,0.276,0.343,0.504,0.847,910
771,95,67,0.315,0.407,0.408,0.815,1047,0.279,0.342,0.522,0.864,929
772,77,85,0.312,0.405,0.395,0.8 O,1011,0.289,0.354,0.53,0.884,988
773,91,71,0.308,0.402,0.402,0.804,994,0.275,0.34,0.497,0.837,901
774,80,82,0.311,0.397,0.391,0.788,957,0.282,0.348,0.526,0.874,992
775,81,81,0.307,0.398,0.398,0.796,952,0.283,0.346,0.516,0.862,941
776,81,81,0.311,0.399,0.399,0.798,988,0.284,0.353,0.512,0.865,952
777,83,79,0.317,0.406,0.409,0.815,1023,0.28,0.348,0.513,0.861,950
778,82,80,0.306,0.397,0.393,0.79 ,955,0.282,0.343,0.512,0.855,936
779,85,77,0.304,0.396,0.392,0.788,955,0.279,0.347,0.514,0.861,945
780,85,77,0.311,0.405,0.403,0.808,1005,0.284,0.348,0.517,0.865,931
781,91,71,0.318,0.41,0.412,0.822,1034,0.278,0.34,0.505,0.845,894
782,83,79,0.309,0.393,0.39,0.783,915,0.282,0.347,0.498,0.845,935
783,89,73,0.307,0.397,0.393,0.79 ,970,0.277,0.345,0.504,0.849,914
784,83,79,0.308,0.402,0.387,0.789,964,0.272,0.338,0.502,0.840,922
785,89,73,0.313,0.407,0.406,0.813,991,0.277,0.341,0.505,0.846,924
786,86,76,0.313,0.402,0.408,0.81 ,1064,0.288,0.353,0.517,0.87 ,1012
787,89,73,0.32,0.412,0.408,0.82 ,1045,0.286,0.352,0.517,0.869,1008
788,82,80,0.318,0.41,0.412,0.822,1060,0.271,0.332,0.501,0.833,931
789,80,82,0.306,0.395,0.398,0.793,972,0.281,0.343,0.513,0.856,950
790,82,80,0.32,0.408,0.41,0.818,1000,0.281,0.347,0.521,0.868,932
791,88,74,0.309,0.394,0.394,0.788,936,0.266,0.331,0.484,0.815,858
792,96,66,0.329,0.414,0.427,0.841,1078,0.277,0.34,0.488,0.828,875
793,97,65,0.328,0.416,0.425,0.841,1127,0.283,0.35,0.506,0.856,994
794,79,83,0.312,0.4,0.396,0.796,942,0.275,0.344,0.507,0.851,940
795,101,61,0.33,0.416,0.434,0.85 ,1125,0.283,0.345,0.512,0.857,929
796,91,71,0.311,0.398,0.39,0.788,1001,0.265,0.33,0.486,0.816,860
797,84,78,0.307,0.397,0.399,0.796,932,0.279,0.351,0.504,0.855,956
798,91,71,0.314,0.404,0.402,0.806,1045,0.274,0.342,0.496,0.838,919
799,91,71,0.319,0.409,0.411,0.82 ,1053,0.283,0.348,0.517,0.865,950
800,79,83,0.311,0.394,0.396,0.79 ,945,0.284,0.347,0.499,0.846,934
801,88,74,0.313,0.402,0.403,0.805,995,0.281,0.345,0.503,0.848,910
802,84,78,0.302,0.392,0.382,0.774,941,0.28,0.344,0.493,0.837,892
803,85,77,0.318,0.408,0.41,0.818,1013,0.277,0.343,0.495,0.838,915
804,79,83,0.308,0.396,0.395,0.791,927,0.277,0.341,0.495,0.836,889
805,83,79,0.318,0.408,0.402,0.81 ,1014,0.277,0.344,0.512,0.856,947
806,87,75,0.314,0.404,0.399,0.803,1001,0.29,0.352,0.517,0.869,964
807,81,81,0.311,0.399,0.39,0.789,979,0.278,0.344,0.51,0.854,939
808,98,64,0.317,0.409,0.398,0.806,1043,0.267,0.331,0.489,0.820,856
809,94,68,0.319,0.406,0.417,0.823,1055,0.265,0.333,0.474,0.806,843
810,84,78,0.312,0.406,0.404,0.81 ,1017,0.28,0.345,0.509,0.854,945
811,96,66,0.317,0.404,0.413,0.817,1046,0.283,0.343,0.516,0.859,963
812,92,70,0.319,0.409,0.41,0.819,1060,0.277,0.339,0.5,0.839,882
813,94,68,0.312,0.401,0.406,0.807,1023,0.279,0.343,0.51,0.853,931
814,87,75,0.317,0.406,0.41,0.816,1025,0.289,0.354,0.525,0.879,1000
815,75,87,0.3,0.393,0.389,0.782,902,0.276,0.34,0.508,0.848,888
816,96,66,0.319,0.41,0.416,0.826,1055,0.277,0.34,0.509,0.849,895
817,94,68,0.313,0.401,0.403,0.804,978,0.273,0.34,0.501,0.841,896
818,90,72,0.312,0.403,0.398,0.801,1015,0.281,0.346,0.511,0.857,958
819,84,78,0.317,0.409,0.402,0.810,1032,0.285,0.348,0.535,0.883,995
820,91,71,0.324,0.413,0.421,0.834,1072,0.274,0.341,0.494,0.835,898
821,81,81,0.31,0.404,0.397,0.801,992,0.282,0.344,0.512,0.856,933
822,90,72,0.314,0.401,0.409,0.81 ,970,0.274,0.337,0.496,0.833,894
823,81,81,0.307,0.396,0.39,0.786,969,0.28,0.342,0.499,0.841,919
824,85,77,0.306,0.4,0.404,0.804,1008,0.276,0.343,0.513,0.856,954
825,77,85,0.315,0.403,0.4,0.803,1033,0.283,0.346,0.537,0.883,995
826,87,75,0.307,0.394,0.4,0.794,920,0.273,0.334,0.492,0.826,882
827,79,83,0.314,0.409,0.398,0.806,991,0.282,0.345,0.514,0.859,985
828,98,64,0.319,0.41,0.412,0.822,1076,0.273,0.337,0.497,0.834,886
829,81,81,0.314,0.399,0.403,0.802,967,0.282,0.348,0.512,0.86 ,982
830,76,86,0.301,0.396,0.384,0.78 ,938,0.274,0.339,0.498,0.837,901
831,85,77,0.307,0.398,0.396,0.794,970,0.277,0.341,0.496,0.837,889
832,79,83,0.3,0.386,0.389,0.775,887,0.278,0.341,0.505,0.846,904
833,88,74,0.317,0.405,0.41,0.815,1033,0.282,0.344,0.513,0.857,933
834,76,86,0.317,0.404,0.411,0.815,1019,0.291,0.357,0.529,0.886,1030
835,88,74,0.315,0.405,0.407,0.812,976,0.279,0.343,0.525,0.868,983
836,80,82,0.303,0.395,0.385,0.78 ,929,0.273,0.338,0.506,0.844,903
837,83,79,0.312,0.402,0.405,0.807,972,0.28,0.344,0.51,0.854,922
838,85,77,0.316,0.405,0.406,0.811,1003,0.274,0.34,0.494,0.834,875
839,89,73,0.322,0.409,0.418,0.827,1059,0.282,0.35,0.512,0.862,962
840,86,76,0.315,0.408,0.401,0.808,1018,0.286,0.349,0.51,0.859,961
841,87,75,0.317,0.409,0.409,0.818,1062,0.279,0.348,0.507,0.855,968
842,90,72,0.314,0.395,0.402,0.797,940,0.274,0.34,0.491,0.831,904
843,90,72,0.325,0.414,0.428,0.842,1093,0.275,0.34,0.511,0.851,904
844,91,71,0.313,0.404,0.412,0.816,1033,0.278,0.339,0.502,0.841,893
845,93,69,0.313,0.404,0.407,0.810,1019,0.28,0.344,0.503,0.847,927
846,93,69,0.305,0.399,0.389,0.788,940,0.269,0.334,0.486,0.820,846
847,90,72,0.316,0.407,0.408,0.815,1021,0.278,0.341,0.503,0.844,906
848,91,71,0.321,0.41,0.409,0.819,1082,0.274,0.339,0.501,0.840,865
849,87,75,0.318,0.406,0.406,0.812,1036,0.279,0.342,0.513,0.855,970
850,77,85,0.315,0.402,0.401,0.803,996,0.293,0.356,0.526,0.882,1013
851,90,72,0.314,0.407,0.406,0.813,1040,0.274,0.337,0.497,0.834,880
852,96,66,0.319,0.407,0.416,0.823,1018,0.27,0.337,0.478,0.815,874
853,95,67,0.319,0.413,0.413,0.826,1096,0.278,0.342,0.498,0.840,914
854,94,68,0.314,0.405,0.404,0.809,1007,0.279,0.345,0.503,0.848,937
855,95,67,0.317,0.409,0.412,0.821,1055,0.269,0.332,0.491,0.823,870
856,87,75,0.316,0.404,0.415,0.819,967,0.279,0.342,0.515,0.857,938
857,91,71,0.31,0.404,0.401,0.805,1021,0.272,0.339,0.505,0.844,916
858,84,78,0.319,0.407,0.414,0.821,1056,0.285,0.345,0.523,0.868,956
859,88,74,0.316,0.404,0.405,0.809,1043,0.286,0.348,0.518,0.866,967
860,87,75,0.311,0.399,0.395,0.794,941,0.269,0.333,0.485,0.818,853
861,74,88,0.315,0.402,0.407,0.808,998,0.287,0.35,0.528,0.878,999
862,88,74,0.316,0.406,0.405,0.811,1006,0.274,0.342,0.498,0.840,904
863,90,72,0.315,0.404,0.414,0.818,1031,0.273,0.337,0.487,0.824,860
864,98,64,0.322,0.413,0.422,0.835,1107,0.277,0.34,0.499,0.839,888
865,89,73,0.321,0.406,0.414,0.820,1031,0.276,0.34,0.493,0.833,927
866,83,79,0.316,0.406,0.4,0.806,974,0.281,0.341,0.501,0.842,915
867,85,77,0.312,0.4,0.405,0.805,992,0.275,0.335,0.497,0.832,878
868,98,64,0.324,0.411,0.426,0.837,1091,0.277,0.342,0.498,0.840,906
869,94,68,0.318,0.411,0.427,0.838,1096,0.276,0.343,0.505,0.848,940
870,85,77,0.325,0.415,0.417,0.832,1107,0.287,0.347,0.519,0.866,967
871,88,74,0.31,0.399,0.404,0.803,947,0.277,0.343,0.504,0.847,922
872,85,77,0.319,0.404,0.404,0.808,1010,0.281,0.348,0.509,0.857,942
873,93,69,0.315,0.401,0.413,0.814,1024,0.27,0.331,0.488,0.819,870
874,89,73,0.312,0.402,0.4,0.802,975,0.275,0.338,0.504,0.842,909
875,80,82,0.308,0.397,0.393,0.79 ,970,0.287,0.355,0.521,0.876,1008
876,87,75,0.313,0.399,0.401,0.8 O,1038,0.284,0.348,0.506,0.854,961
877,94,68,0.316,0.404,0.407,0.810,1040,0.272,0.337,0.496,0.833,864
878,87,75,0.303,0.397,0.391,0.788,922,0.273,0.339,0.486,0.825,872
879,81,81,0.319,0.406,0.414,0.820,1034,0.281,0.348,0.513,0.861,999
880,81,81,0.318,0.407,0.402,0.808,995,0.283,0.345,0.514,0.859,935
881,95,67,0.32,0.412,0.418,0.83 ,1068,0.279,0.343,0.502,0.845,905
882,88,74,0.312,0.395,0.397,0.792,973,0.276,0.34,0.507,0.847,915
883,93,69,0.322,0.41,0.413,0.823,1086,0.284,0.348,0.512,0.86 ,946
884,78,84,0.308,0.401,0.396,0.797,988,0.293,0.358,0.536,0.894,1029
885,86,76,0.311,0.4,0.402,0.802,991,0.276,0.342,0.503,0.845,918
886,84,78,0.31,0.393,0.408,0.800,952,0.285,0.35,0.515,0.865,972
887,91,71,0.314,0.406,0.405,0.811,1053,0.272,0.333,0.485,0.818,819
888,91,71,0.313,0.406,0.401,0.807,994,0.268,0.331,0.485,0.816,851
889,84,78,0.31,0.395,0.405,0.8 O,981,0.279,0.341,0.511,0.852,920
890,76,86,0.309,0.395,0.395,0.79 ,928,0.285,0.35,0.518,0.868,975
891,100,62,0.32,0.404,0.415,0.819,1054,0.279,0.339,0.501,0.840,894
892,98,64,0.326,0.416,0.415,0.831,1107,0.275,0.338,0.497,0.835,912
893,90,72,0.326,0.417,0.423,0.84 ,1128,0.284,0.348,0.529,0.877,974
894,93,69,0.313,0.403,0.401,0.804,1002,0.276,0.339,0.509,0.848,937
895,83,79,0.318,0.406,0.413,0.819,1017,0.282,0.35,0.507,0.857,956
896,88,74,0.316,0.407,0.405,0.812,1021,0.277,0.337,0.518,0.855,917
897,87,75,0.31,0.398,0.39,0.788,956,0.28,0.344,0.502,0.846,946
898,82,80,0.321,0.412,0.421,0.833,1030,0.279,0.345,0.513,0.858,950
899,75,87,0.315,0.403,0.405,0.808,970,0.277,0.346,0.508,0.854,977
900,86,76,0.316,0.409,0.414,0.823,1050,0.29,0.35,0.529,0.879,1003
901,89,73,0.322,0.411,0.415,0.826,1041,0.283,0.347,0.516,0.863,977
902,82,80,0.312,0.4,0.401,0.801,994,0.287,0.35,0.505,0.855,952
903,83,79,0.303,0.389,0.393,0.782,932,0.278,0.342,0.489,0.831,885
904,79,83,0.308,0.396,0.406,0.802,947,0.281,0.343,0.514,0.857,931
905,88,74,0.313,0.404,0.399,0.803,972,0.277,0.347,0.505,0.852,904
906,74,88,0.301,0.392,0.385,0.777,931,0.27,0.335,0.507,0.842,907
907,89,73,0.312,0.396,0.405,0.801,969,0.281,0.346,0.508,0.854,892
908,95,67,0.323,0.414,0.422,0.836,1072,0.283,0.345,0.512,0.857,939
909,89,73,0.311,0.405,0.392,0.797,1031,0.281,0.347,0.501,0.848,947
910,86,76,0.308,0.401,0.393,0.794,974,0.275,0.345,0.501,0.846,936
911,90,72,0.318,0.413,0.413,0.826,1086,0.285,0.35,0.52,0.87 ,968
912,66,96,0.297,0.386,0.38,0.766,857,0.293,0.361,0.522,0.883,1041
913,90,72,0.313,0.406,0.406,0.812,1011,0.282,0.346,0.508,0.854,942
914,89,73,0.318,0.407,0.411,0.818,1035,0.281,0.349,0.501,0.85 ,978
915,99,63,0.313,0.408,0.415,0.823,1069,0.278,0.341,0.499,0.840,905
916,89,73,0.314,0.398,0.405,0.803,969,0.283,0.346,0.507,0.853,921
917,87,75,0.314,0.404,0.406,0.81 ,1005,0.283,0.345,0.516,0.861,976
918,82,80,0.321,0.407,0.416,0.823,1062,0.277,0.344,0.5,0.844,945
919,80,82,0.319,0.407,0.405,0.812,1056,0.284,0.349,0.512,0.861,956
920,86,76,0.313,0.4,0.411,0.810,1014,0.28,0.342,0.519,0.861,914
921,74,88,0.312,0.401,0.398,0.799,965,0.285,0.346,0.52,0.866,973
922,88,74,0.312,0.4,0.398,0.798,983,0.273,0.338,0.487,0.825,880
923,86,76,0.308,0.401,0.397,0.798,955,0.283,0.346,0.51,0.856,901
924,76,86,0.311,0.402,0.395,0.797,959,0.283,0.345,0.52,0.865,955
925,83,79,0.314,0.408,0.409,0.817,1010,0.272,0.337,0.508,0.845,945
926,83,79,0.316,0.406,0.405,0.811,984,0.275,0.338,0.483,0.821,872
927,91,71,0.316,0.405,0.409,0.814,1066,0.267,0.335,0.486,0.821,870
928,92,70,0.315,0.403,0.41,0.813,973,0.27,0.331,0.487,0.818,833
929,71,91,0.311,0.395,0.402,0.797,943,0.295,0.354,0.541,0.895,1027
930,87,75,0.307,0.398,0.401,0.799,1005,0.277,0.345,0.512,0.857,937
931,89,73,0.319,0.407,0.418,0.825,1066,0.277,0.343,0.496,0.839,903
932,97,65,0.322,0.408,0.406,0.814,1063,0.278,0.34,0.499,0.839,926
933,89,73,0.315,0.403,0.404,0.807,1005,0.281,0.347,0.517,0.864,954
934,88,74,0.31,0.401,0.4,0.801,968,0.275,0.34,0.508,0.848,902
935,104,58,0.329,0.416,0.432,0.848,1166,0.27,0.33,0.488,0.818,854
936,81,81,0.319,0.405,0.409,0.814,1044,0.283,0.347,0.51,0.857,963
937,73,89,0.311,0.403,0.405,0.808,982,0.288,0.35,0.526,0.876,1003
938,90,72,0.31,0.401,0.395,0.796,991,0.271,0.334,0.486,0.820,872
939,85,77,0.321,0.409,0.416,0.825,1071,0.282,0.343,0.524,0.867,952
940,93,69,0.324,0.415,0.419,0.834,1091,0.285,0.348,0.514,0.862,948
941,88,74,0.319,0.407,0.418,0.825,1065,0.283,0.35,0.507,0.857,934
942,86,76,0.309,0.401,0.396,0.797,987,0.285,0.345,0.512,0.857,956
943,97,65,0.326,0.413,0.413,0.826,1059,0.272,0.335,0.476,0.810,836
944,82,80,0.315,0.402,0.401,0.803,960,0.283,0.347,0.53,0.877,957
945,79,83,0.31,0.402,0.396,0.798,958,0.273,0.339,0.486,0.825,886
946,84,78,0.315,0.4,0.407,0.806,1030,0.28,0.349,0.503,0.852,954
947,81,81,0.312,0.4,0.397,0.797,967,0.277,0.341,0.523,0.864,936
948,87,75,0.32,0.412,0.412,0.824,1040,0.283,0.346,0.502,0.848,925
949,68,94,0.314,0.401,0.412,0.813,1061,0.294,0.36,0.533,0.893,1063
950,88,74,0.313,0.398,0.41,0.808,962,0.269,0.331,0.48,0.810,855
951,83,79,0.312,0.399,0.395,0.794,925,0.279,0.342,0.505,0.847,916
952,79,83,0.31,0.392,0.395,0.787,911,0.279,0.344,0.497,0.841,905
953,101,61,0.324,0.412,0.42,0.832,1096,0.27,0.33,0.502,0.832,842
954,91,71,0.325,0.415,0.419,0.834,1064,0.277,0.342,0.506,0.848,938
955,95,67,0.32,0.409,0.412,0.821,1066,0.273,0.337,0.496,0.833,870
956,80,82,0.308,0.4,0.397,0.797,968,0.283,0.348,0.519,0.867,987
957,92,70,0.326,0.418,0.42,0.838,1108,0.283,0.349,0.528,0.877,991
958,95,67,0.312,0.406,0.399,0.805,1025,0.272,0.333,0.491,0.824,861
959,81,81,0.316,0.403,0.414,0.817,1036,0.286,0.347,0.517,0.864,954
960,89,73,0.312,0.402,0.405,0.807,1042,0.274,0.336,0.502,0.838,913
961,86,76,0.323,0.41,0.425,0.835,1079,0.279,0.345,0.504,0.849,927
962,79,83,0.31,0.396,0.402,0.798,981,0.283,0.348,0.53,0.878,1001
963,86,76,0.319,0.407,0.41,0.817,1049,0.287,0.347,0.53,0.877,995
964,84,78,0.312,0.402,0.403,0.805,980,0.277,0.338,0.517,0.855,930
965,90,72,0.314,0.403,0.406,0.809,1025,0.279,0.344,0.5,0.844,909
966,83,79,0.319,0.411,0.411,0.822,1024,0.287,0.352,0.528,0.88 ,973
967,90,72,0.315,0.403,0.411,0.814,978,0.28,0.346,0.512,0.858,936
968,86,76,0.318,0.408,0.413,0.821,1079,0.286,0.352,0.527,0.879,989
969,79,83,0.307,0.402,0.393,0.795,977,0.28,0.344,0.513,0.857,963
970,77,85,0.309,0.401,0.391,0.792,981,0.277,0.345,0.51,0.855,952
971,88,74,0.32,0.408,0.41,0.818,1010,0.281,0.346,0.5,0.846,928
972,82,80,0.323,0.405,0.412,0.817,996,0.285,0.347,0.514,0.861,976
973,92,70,0.324,0.414,0.414,0.828,1084,0.277,0.339,0.506,0.845,924
974,91,71,0.313,0.403,0.402,0.805,997,0.274,0.338,0.494,0.832,879
975,90,72,0.317,0.408,0.408,0.816,1046,0.27,0.335,0.492,0.827,909
976,85,77,0.313,0.398,0.407,0.804,926,0.277,0.339,0.504,0.843,914
977,85,77,0.327,0.413,0.423,0.836,1101,0.283,0.351,0.514,0.865,981
978,89,73,0.315,0.405,0.409,0.814,1029,0.284,0.345,0.525,0.87 ,1011
979,92,70,0.315,0.406,0.4,0.806,983,0.273,0.339,0.487,0.826,915
980,84,78,0.313,0.405,0.409,0.814,1005,0.28,0.341,0.517,0.858,944
981,89,73,0.323,0.408,0.41,0.818,1042,0.282,0.347,0.491,0.838,904
982,87,75,0.318,0.403,0.406,0.809,1005,0.281,0.345,0.51,0.855,959
983,80,82,0.309,0.399,0.394,0.793,979,0.279,0.344,0.51,0.854,951
984,85,77,0.312,0.406,0.403,0.809,1015,0.276,0.342,0.503,0.845,920
985,81,81,0.314,0.404,0.4,0.804,973,0.292,0.354,0.539,0.893,1014
986,97,65,0.317,0.403,0.407,0.81 ,1041,0.272,0.334,0.512,0.846,900
987,85,77,0.32,0.407,0.408,0.815,1023,0.288,0.354,0.536,0.89 ,1005
988,78,84,0.309,0.395,0.39,0.785,891,0.284,0.352,0.513,0.865,957
989,82,80,0.309,0.398,0.402,0.8 O,962,0.28,0.346,0.506,0.852,915
990,90,72,0.315,0.405,0.409,0.814,1005,0.275,0.339,0.502,0.841,933
991,86,76,0.314,0.401,0.403,0.804,1000,0.273,0.336,0.493,0.829,896
992,78,84,0.317,0.403,0.409,0.812,980,0.283,0.346,0.524,0.87 ,983
993,95,67,0.319,0.406,0.413,0.819,1040,0.274,0.345,0.484,0.829,896
994,81,81,0.314,0.401,0.409,0.81 ,1017,0.276,0.338,0.503,0.841,935
995,95,67,0.315,0.406,0.402,0.808,1001,0.278,0.343,0.506,0.849,887
996,84,78,0.314,0.403,0.402,0.805,1009,0.28,0.343,0.499,0.842,916
997,82,80,0.315,0.404,0.402,0.806,995,0.285,0.349,0.52,0.869,987
998,91,71,0.321,0.412,0.418,0.83 ,1065,0.282,0.35,0.518,0.868,984
999,96,66,0.326,0.417,0.427,0.844,1084,0.28,0.345,0.508,0.853,943
1000,87,75,0.326,0.414,0.431,0.845,1140,0.282,0.342,0.522,0.864,959
